19604:
2026-10-04 09:57:17
Full thread dump OpenJDK 64-Bit Server VM (25.0.3+9-LTS mixed mode, sharing):

Threads class SMR info:
_java_thread_list=0x0000022bee087400, length=160, elements={
0x0000022baacf4ea0, 0x0000022bc7e586a0, 0x0000022bc7e59100, 0x0000022bc7e5c0a0,
0x0000022bc7e5e970, 0x0000022bc7e5f8e0, 0x0000022bc7e605d0, 0x0000022bc7e6cd80,
0x0000022bc7e6fdf0, 0x0000022bc8454300, 0x0000022bc8575df0, 0x0000022bce7a8110,
0x0000022bcea26300, 0x0000022bce54b930, 0x0000022bcea05a90, 0x0000022bcea06250,
0x0000022bce51c1a0, 0x0000022bcea0a110, 0x0000022bcea06a60, 0x0000022bcea089a0,
0x0000022bcea07a00, 0x0000022bcea0b0b0, 0x0000022bcea0c050, 0x0000022bcea0cff0,
0x0000022bd0c747d0, 0x0000022bd0c718f0, 0x0000022bd0c76710, 0x0000022bcec40b40,
0x0000022bcec3d490, 0x0000022bcec3e430, 0x0000022bcec40370, 0x0000022bcee43510,
0x0000022bcee45450, 0x0000022bcee444b0, 0x0000022bcee48b00, 0x0000022bcee49aa0,
0x0000022bd069f000, 0x0000022bd069c8f0, 0x0000022bd069e830, 0x0000022bd06a0770,
0x0000022bd06a1710, 0x0000022bd06a1ee0, 0x0000022bcd5ca0d0, 0x0000022bcd5ccfb0,
0x0000022bcd5cd780, 0x0000022bcd5ce720, 0x0000022bcd5cc010, 0x0000022bd0c75f40,
0x0000022bd3aa5960, 0x0000022bd3aa5190, 0x0000022bd3aa6900, 0x0000022bd3aa70d0,
0x0000022bd3aa78a0, 0x0000022bd3aa8070, 0x0000022bd3aa9fb0, 0x0000022bd3aaa780,
0x0000022bd3aa9010, 0x0000022bd3fceb20, 0x0000022bd3fcf2f0, 0x0000022bd3fcdb80,
0x0000022bd3fd3170, 0x0000022bcff992f0, 0x0000022bcff9c9a0, 0x0000022bcff9e8e0,
0x0000022bcff9d170, 0x0000022bcffa1f90, 0x0000022bcffa2f30, 0x0000022bd95a8e30,
0x0000022bd95a9600, 0x0000022bd95a6720, 0x0000022bd95b1300, 0x0000022bd968d2d0,
0x0000022bd96928c0, 0x0000022bd9693090, 0x0000022bea660890, 0x0000022bea64f720,
0x0000022bea65ca10, 0x0000022bea662fa0, 0x0000022bea6627d0, 0x0000022bea64b8a0,
0x0000022bebc170c0, 0x0000022bebbfcae0, 0x0000022bebbfbb40, 0x0000022bebc11300,
0x0000022bebc18830, 0x0000022bd95a4010, 0x0000022bd95a47e0, 0x0000022bd95ab540,
0x0000022bd95b22a0, 0x0000022bea64b0d0, 0x0000022bea64ef50, 0x0000022bea6506c0,
0x0000022bd9690980, 0x0000022bd968f210, 0x0000022bd9696740, 0x0000022bd3fd0290,
0x0000022bd3fd3940, 0x0000022bd3fd48e0, 0x0000022bcff973b0, 0x0000022be3ecd730,
0x0000022be3ecbfc0, 0x0000022bcd5cc7e0, 0x0000022bcd5d0660, 0x0000022bd069c120,
0x0000022bd069ffa0, 0x0000022bcee47b60, 0x0000022bc7e66a10, 0x0000022bef6bf710,
0x0000022bef6bdfa0, 0x0000022bef6bd000, 0x0000022bef6c0e80, 0x0000022bef6c25f0,
0x0000022bef6c4d00, 0x0000022bef6c54d0, 0x0000022bef6c1e20, 0x0000022bef6c6470,
0x0000022bef6c83b0, 0x0000022bef6c7410, 0x0000022bef6c9b20, 0x0000022bef6cc230,
0x0000022bef6cca00, 0x0000022bef6cb290, 0x0000022bef6cd9a0, 0x0000022bef6cf110,
0x0000022bef6cba60, 0x0000022bef6d1820, 0x0000022bef6d3760, 0x0000022bef6d1ff0,
0x0000022bef6d3f30, 0x0000022bef6d4700, 0x0000022bef6d1050, 0x0000022bef6d8580,
0x0000022bef6d6640, 0x0000022bef6d8d50, 0x0000022bef6d9520, 0x0000022bef6d9cf0,
0x0000022bef6d6e10, 0x0000022bef6db460, 0x0000022bed31def0, 0x0000022bed31cf50,
0x0000022bed321d70, 0x0000022bed3215a0, 0x0000022bed31fe30, 0x0000022bed31e6c0,
0x0000022bed31ee90, 0x0000022bed31f660, 0x0000022bed32f060, 0x0000022bed32f830,
0x0000022bed332710, 0x0000022bed3336b0, 0x0000022bed3307d0, 0x0000022bed334e20,
0x0000022bed334650, 0x0000022bed331f40, 0x0000022bed335dc0, 0x0000022befd2bc40,
0x0000022befd2f2f0, 0x0000022bea6600c0, 0x0000022bea652600, 0x0000022bea656480
}

"main" #3 [35896] prio=5 os_prio=0 cpu=1187.50ms elapsed=649.63s tid=0x0000022baacf4ea0 nid=35896 waiting on condition  [0x000000a953bfe000]
   java.lang.Thread.State: WAITING (parking)
	at jdk.internal.misc.Unsafe.park(java.base@25.0.3/Native Method)
	- parking to wait for  <0x0000000080f00098> (a java.util.concurrent.locks.AbstractQueuedSynchronizer$ConditionObject)
	at java.util.concurrent.locks.LockSupport.park(java.base@25.0.3/LockSupport.java:369)
	at java.util.concurrent.locks.AbstractQueuedSynchronizer$ConditionNode.block(java.base@25.0.3/AbstractQueuedSynchronizer.java:520)
	at java.util.concurrent.ForkJoinPool.unmanagedBlock(java.base@25.0.3/ForkJoinPool.java:4364)
	at java.util.concurrent.ForkJoinPool.managedBlock(java.base@25.0.3/ForkJoinPool.java:4310)
	at java.util.concurrent.locks.AbstractQueuedSynchronizer$ConditionObject.await(java.base@25.0.3/AbstractQueuedSynchronizer.java:1752)
	at org.gradle.launcher.daemon.server.DaemonStateCoordinator.awaitStop(DaemonStateCoordinator.java:112)
	at org.gradle.launcher.daemon.server.Daemon.awaitExpiration(Daemon.java:253)
	at org.gradle.launcher.daemon.server.Daemon.stopOnExpiration(Daemon.java:227)
	at org.gradle.launcher.daemon.bootstrap.DaemonMain.doAction(DaemonMain.java:117)
	at org.gradle.launcher.bootstrap.EntryPoint.run(EntryPoint.java:53)
	at java.lang.invoke.DirectMethodHandle$Holder.invokeVirtual(java.base@25.0.3/DirectMethodHandle$Holder)
	at java.lang.invoke.LambdaForm$MH/0x000000002a05d000.invoke(java.base@25.0.3/LambdaForm$MH)
	at java.lang.invoke.Invokers$Holder.invokeExact_MT(java.base@25.0.3/Invokers$Holder)
	at jdk.internal.reflect.DirectMethodHandleAccessor.invokeImpl(java.base@25.0.3/DirectMethodHandleAccessor.java:155)
	at jdk.internal.reflect.DirectMethodHandleAccessor.invoke(java.base@25.0.3/DirectMethodHandleAccessor.java:104)
	at java.lang.reflect.Method.invoke(java.base@25.0.3/Method.java:565)
	at org.gradle.launcher.bootstrap.ProcessBootstrap.runNoExit(ProcessBootstrap.java:72)
	at org.gradle.launcher.bootstrap.ProcessBootstrap.run(ProcessBootstrap.java:39)
	at org.gradle.launcher.daemon.bootstrap.GradleDaemon.main(GradleDaemon.java:22)

"Reference Handler" #14 [38596] daemon prio=10 os_prio=2 cpu=31.25ms elapsed=649.61s tid=0x0000022bc7e586a0 nid=38596 waiting on condition  [0x000000a9543ff000]
   java.lang.Thread.State: RUNNABLE
	at java.lang.ref.Reference.waitForReferencePendingList(java.base@25.0.3/Native Method)
	at java.lang.ref.Reference.processPendingReferences(java.base@25.0.3/Reference.java:246)
	at java.lang.ref.Reference$ReferenceHandler.run(java.base@25.0.3/Reference.java:208)

"Finalizer" #15 [36096] daemon prio=8 os_prio=1 cpu=15.62ms elapsed=649.61s tid=0x0000022bc7e59100 nid=36096 in Object.wait()  [0x000000a9544ff000]
   java.lang.Thread.State: WAITING (on object monitor)
	at java.lang.Object.wait0(java.base@25.0.3/Native Method)
	- waiting on <no object reference available>
	at java.lang.Object.wait(java.base@25.0.3/Object.java:389)
	at java.lang.Object.wait(java.base@25.0.3/Object.java:351)
	at java.lang.ref.ReferenceQueue.remove0(java.base@25.0.3/ReferenceQueue.java:137)
	at java.lang.ref.ReferenceQueue.remove(java.base@25.0.3/ReferenceQueue.java:215)
	- locked <0x00000000809080d8> (a java.lang.ref.ReferenceQueue$Lock)
	at java.lang.ref.Finalizer$FinalizerThread.run(java.base@25.0.3/Finalizer.java:165)

"Signal Dispatcher" #16 [32580] daemon prio=9 os_prio=2 cpu=0.00ms elapsed=649.61s tid=0x0000022bc7e5c0a0 nid=32580 waiting on condition  [0x0000000000000000]
   java.lang.Thread.State: RUNNABLE

"Attach Listener" #17 [21512] daemon prio=5 os_prio=2 cpu=0.00ms elapsed=649.61s tid=0x0000022bc7e5e970 nid=21512 waiting on condition  [0x0000000000000000]
   java.lang.Thread.State: RUNNABLE

"Service Thread" #18 [29108] daemon prio=9 os_prio=0 cpu=796.88ms elapsed=649.61s tid=0x0000022bc7e5f8e0 nid=29108 runnable  [0x0000000000000000]
   java.lang.Thread.State: RUNNABLE

"Monitor Deflation Thread" #19 [8464] daemon prio=9 os_prio=0 cpu=62.50ms elapsed=649.61s tid=0x0000022bc7e605d0 nid=8464 runnable  [0x0000000000000000]
   java.lang.Thread.State: RUNNABLE

"C2 CompilerThread0" #20 [22964] daemon prio=9 os_prio=2 cpu=121796.88ms elapsed=649.61s tid=0x0000022bc7e6cd80 nid=22964 waiting on condition  [0x0000000000000000]
   java.lang.Thread.State: RUNNABLE
   No compile task

"C1 CompilerThread0" #23 [28300] daemon prio=9 os_prio=2 cpu=37406.25ms elapsed=649.61s tid=0x0000022bc7e6fdf0 nid=28300 waiting on condition  [0x0000000000000000]
   java.lang.Thread.State: RUNNABLE
   No compile task

"Common-Cleaner" #24 [28656] daemon prio=8 os_prio=1 cpu=0.00ms elapsed=649.58s tid=0x0000022bc8454300 nid=28656 in Object.wait()  [0x000000a954bfe000]
   java.lang.Thread.State: TIMED_WAITING (on object monitor)
	at java.lang.Object.wait0(java.base@25.0.3/Native Method)
	- waiting on <no object reference available>
	at java.lang.Object.wait(java.base@25.0.3/Object.java:389)
	at java.lang.ref.ReferenceQueue.remove0(java.base@25.0.3/ReferenceQueue.java:123)
	at java.lang.ref.ReferenceQueue.remove(java.base@25.0.3/ReferenceQueue.java:201)
	- locked <0x0000000080902090> (a java.lang.ref.ReferenceQueue$Lock)
	at jdk.internal.ref.CleanerImpl.run(java.base@25.0.3/CleanerImpl.java:146)
	at java.lang.Thread.runWith(java.base@25.0.3/Thread.java:1487)
	at java.lang.Thread.run(java.base@25.0.3/Thread.java:1474)
	at jdk.internal.misc.InnocuousThread.run(java.base@25.0.3/InnocuousThread.java:148)

"Notification Thread" #25 [22656] daemon prio=9 os_prio=0 cpu=0.00ms elapsed=649.56s tid=0x0000022bc8575df0 nid=22656 runnable  [0x0000000000000000]
   java.lang.Thread.State: RUNNABLE

"Daemon health stats" #32 [9360] prio=5 os_prio=0 cpu=15.62ms elapsed=648.64s tid=0x0000022bce7a8110 nid=9360 waiting on condition  [0x000000a9553fe000]
   java.lang.Thread.State: TIMED_WAITING (parking)
	at jdk.internal.misc.Unsafe.park(java.base@25.0.3/Native Method)
	- parking to wait for  <0x0000000080f05ab0> (a java.util.concurrent.locks.AbstractQueuedSynchronizer$ConditionObject)
	at java.util.concurrent.locks.LockSupport.parkNanos(java.base@25.0.3/LockSupport.java:271)
	at java.util.concurrent.locks.AbstractQueuedSynchronizer$ConditionObject.awaitNanos(java.base@25.0.3/AbstractQueuedSynchronizer.java:1803)
	at java.util.concurrent.ScheduledThreadPoolExecutor$DelayedWorkQueue.take(java.base@25.0.3/ScheduledThreadPoolExecutor.java:1166)
	at java.util.concurrent.ScheduledThreadPoolExecutor$DelayedWorkQueue.take(java.base@25.0.3/ScheduledThreadPoolExecutor.java:883)
	at java.util.concurrent.ThreadPoolExecutor.getTask(java.base@25.0.3/ThreadPoolExecutor.java:1016)
	at java.util.concurrent.ThreadPoolExecutor.runWorker(java.base@25.0.3/ThreadPoolExecutor.java:1076)
	at java.util.concurrent.ThreadPoolExecutor$Worker.run(java.base@25.0.3/ThreadPoolExecutor.java:614)
	at java.lang.Thread.runWith(java.base@25.0.3/Thread.java:1487)
	at java.lang.Thread.run(java.base@25.0.3/Thread.java:1474)

"Incoming local TCP Connector on port 56912" #34 [9924] prio=5 os_prio=0 cpu=62.50ms elapsed=648.46s tid=0x0000022bcea26300 nid=9924 runnable  [0x000000a9554ff000]
   java.lang.Thread.State: RUNNABLE
	at sun.nio.ch.Net.accept(java.base@25.0.3/Native Method)
	at sun.nio.ch.ServerSocketChannelImpl.implAccept(java.base@25.0.3/ServerSocketChannelImpl.java:424)
	at sun.nio.ch.ServerSocketChannelImpl.accept(java.base@25.0.3/ServerSocketChannelImpl.java:391)
	at org.gradle.internal.remote.internal.inet.TcpIncomingConnector$Receiver.run(TcpIncomingConnector.java:116)
	at org.gradle.internal.concurrent.ExecutorPolicy$CatchAndRecordFailures.onExecute(ExecutorPolicy.java:64)
	at org.gradle.internal.concurrent.AbstractManagedExecutor$1.run(AbstractManagedExecutor.java:47)
	at java.util.concurrent.ThreadPoolExecutor.runWorker(java.base@25.0.3/ThreadPoolExecutor.java:1090)
	at java.util.concurrent.ThreadPoolExecutor$Worker.run(java.base@25.0.3/ThreadPoolExecutor.java:614)
	at java.lang.Thread.runWith(java.base@25.0.3/Thread.java:1487)
	at java.lang.Thread.run(java.base@25.0.3/Thread.java:1474)

"Daemon periodic checks" #35 [39236] prio=5 os_prio=0 cpu=46.88ms elapsed=648.40s tid=0x0000022bce54b930 nid=39236 waiting on condition  [0x000000a9555ff000]
   java.lang.Thread.State: TIMED_WAITING (parking)
	at jdk.internal.misc.Unsafe.park(java.base@25.0.3/Native Method)
	- parking to wait for  <0x0000000080f0fae8> (a java.util.concurrent.locks.AbstractQueuedSynchronizer$ConditionObject)
	at java.util.concurrent.locks.LockSupport.parkNanos(java.base@25.0.3/LockSupport.java:271)
	at java.util.concurrent.locks.AbstractQueuedSynchronizer$ConditionObject.awaitNanos(java.base@25.0.3/AbstractQueuedSynchronizer.java:1803)
	at java.util.concurrent.ScheduledThreadPoolExecutor$DelayedWorkQueue.take(java.base@25.0.3/ScheduledThreadPoolExecutor.java:1166)
	at java.util.concurrent.ScheduledThreadPoolExecutor$DelayedWorkQueue.take(java.base@25.0.3/ScheduledThreadPoolExecutor.java:883)
	at java.util.concurrent.ThreadPoolExecutor.getTask(java.base@25.0.3/ThreadPoolExecutor.java:1016)
	at java.util.concurrent.ThreadPoolExecutor.runWorker(java.base@25.0.3/ThreadPoolExecutor.java:1076)
	at java.util.concurrent.ThreadPoolExecutor$Worker.run(java.base@25.0.3/ThreadPoolExecutor.java:614)
	at java.lang.Thread.runWith(java.base@25.0.3/Thread.java:1487)
	at java.lang.Thread.run(java.base@25.0.3/Thread.java:1474)

"Daemon" #36 [1248] prio=5 os_prio=0 cpu=31.25ms elapsed=648.33s tid=0x0000022bcea05a90 nid=1248 waiting on condition  [0x000000a9556fe000]
   java.lang.Thread.State: WAITING (parking)
	at jdk.internal.misc.Unsafe.park(java.base@25.0.3/Native Method)
	- parking to wait for  <0x0000000080f00098> (a java.util.concurrent.locks.AbstractQueuedSynchronizer$ConditionObject)
	at java.util.concurrent.locks.LockSupport.park(java.base@25.0.3/LockSupport.java:369)
	at java.util.concurrent.locks.AbstractQueuedSynchronizer$ConditionNode.block(java.base@25.0.3/AbstractQueuedSynchronizer.java:520)
	at java.util.concurrent.ForkJoinPool.unmanagedBlock(java.base@25.0.3/ForkJoinPool.java:4364)
	at java.util.concurrent.ForkJoinPool.managedBlock(java.base@25.0.3/ForkJoinPool.java:4310)
	at java.util.concurrent.locks.AbstractQueuedSynchronizer$ConditionObject.await(java.base@25.0.3/AbstractQueuedSynchronizer.java:1752)
	at org.gradle.launcher.daemon.server.DaemonStateCoordinator.waitForCommandCompletion(DaemonStateCoordinator.java:338)
	at org.gradle.launcher.daemon.server.DaemonStateCoordinator.runCommand(DaemonStateCoordinator.java:327)
	at org.gradle.launcher.daemon.server.exec.StartBuildOrRespondWithBusy.doBuild(StartBuildOrRespondWithBusy.java:56)
	at org.gradle.launcher.daemon.server.exec.BuildCommandOnly.execute(BuildCommandOnly.java:37)
	at org.gradle.launcher.daemon.server.api.DaemonCommandExecution.proceed(DaemonCommandExecution.java:104)
	at org.gradle.launcher.daemon.server.exec.ReturnResult.execute(ReturnResult.java:36)
	at org.gradle.launcher.daemon.server.api.DaemonCommandExecution.proceed(DaemonCommandExecution.java:104)
	at org.gradle.launcher.daemon.server.exec.CleanUpVirtualFileSystemAfterBuild.doBuild(CleanUpVirtualFileSystemAfterBuild.java:58)
	at org.gradle.launcher.daemon.server.exec.BuildCommandOnly.execute(BuildCommandOnly.java:37)
	at org.gradle.launcher.daemon.server.api.DaemonCommandExecution.proceed(DaemonCommandExecution.java:104)
	at org.gradle.launcher.daemon.server.api.HandleReportStatus.execute(HandleReportStatus.java:35)
	at org.gradle.launcher.daemon.server.api.DaemonCommandExecution.proceed(DaemonCommandExecution.java:104)
	at org.gradle.launcher.daemon.server.exec.HandleCancel.execute(HandleCancel.java:39)
	at org.gradle.launcher.daemon.server.api.DaemonCommandExecution.proceed(DaemonCommandExecution.java:104)
	at org.gradle.launcher.daemon.server.api.HandleInvalidateVirtualFileSystem.execute(HandleInvalidateVirtualFileSystem.java:46)
	at org.gradle.launcher.daemon.server.api.DaemonCommandExecution.proceed(DaemonCommandExecution.java:104)
	at org.gradle.launcher.daemon.server.api.HandleStop.execute(HandleStop.java:46)
	at org.gradle.launcher.daemon.server.api.DaemonCommandExecution.proceed(DaemonCommandExecution.java:104)
	at org.gradle.launcher.daemon.server.exec.DaemonCommandExecuter.executeCommand(DaemonCommandExecuter.java:55)
	at org.gradle.launcher.daemon.server.DefaultIncomingConnectionHandler$ConnectionWorker.handleCommand(DefaultIncomingConnectionHandler.java:161)
	at org.gradle.launcher.daemon.server.DefaultIncomingConnectionHandler$ConnectionWorker.receiveAndHandleCommand(DefaultIncomingConnectionHandler.java:134)
	at org.gradle.launcher.daemon.server.DefaultIncomingConnectionHandler$ConnectionWorker.run(DefaultIncomingConnectionHandler.java:122)
	at org.gradle.internal.concurrent.ExecutorPolicy$CatchAndRecordFailures.onExecute(ExecutorPolicy.java:64)
	at org.gradle.internal.concurrent.AbstractManagedExecutor$1.run(AbstractManagedExecutor.java:47)
	at java.util.concurrent.ThreadPoolExecutor.runWorker(java.base@25.0.3/ThreadPoolExecutor.java:1090)
	at java.util.concurrent.ThreadPoolExecutor$Worker.run(java.base@25.0.3/ThreadPoolExecutor.java:614)
	at java.lang.Thread.runWith(java.base@25.0.3/Thread.java:1487)
	at java.lang.Thread.run(java.base@25.0.3/Thread.java:1474)

"Handler for socket connection from /127.0.0.1:56912 to /127.0.0.1:56913" #37 [35404] prio=5 os_prio=0 cpu=15.62ms elapsed=648.33s tid=0x0000022bcea06250 nid=35404 runnable  [0x000000a9557fe000]
   java.lang.Thread.State: RUNNABLE
	at sun.nio.ch.WEPoll.wait(java.base@25.0.3/Native Method)
	at sun.nio.ch.WEPollSelectorImpl.doSelect(java.base@25.0.3/WEPollSelectorImpl.java:108)
	at sun.nio.ch.SelectorImpl.lockAndDoSelect(java.base@25.0.3/SelectorImpl.java:130)
	- locked <0x0000000080f2f420> (a sun.nio.ch.Util$2)
	- locked <0x0000000080f2f3c0> (a sun.nio.ch.WEPollSelectorImpl)
	at sun.nio.ch.SelectorImpl.select(java.base@25.0.3/SelectorImpl.java:147)
	at org.gradle.internal.remote.internal.inet.SocketConnection$SocketInputStream.read(SocketConnection.java:187)
	at com.esotericsoftware.kryo.io.Input.fill(Input.java:146)
	at com.esotericsoftware.kryo.io.Input.require(Input.java:178)
	at com.esotericsoftware.kryo.io.Input.readVarInt(Input.java:355)
	at com.esotericsoftware.kryo.io.Input.readInt(Input.java:350)
	at org.gradle.internal.serialize.kryo.KryoBackedDecoder.readSmallInt(KryoBackedDecoder.java:133)
	at org.gradle.internal.serialize.DefaultSerializerRegistry$TaggedTypeSerializer.read(DefaultSerializerRegistry.java:159)
	at org.gradle.internal.serialize.Serializers$StatefulSerializerAdapter$1.read(Serializers.java:36)
	at org.gradle.internal.remote.internal.inet.SocketConnection.receive(SocketConnection.java:83)
	at org.gradle.launcher.daemon.server.SynchronizedDispatchConnection.receive(SynchronizedDispatchConnection.java:70)
	at org.gradle.launcher.daemon.server.DefaultDaemonConnection$1.run(DefaultDaemonConnection.java:74)
	at org.gradle.internal.concurrent.ExecutorPolicy$CatchAndRecordFailures.onExecute(ExecutorPolicy.java:64)
	at org.gradle.internal.concurrent.AbstractManagedExecutor$1.run(AbstractManagedExecutor.java:47)
	at java.util.concurrent.ThreadPoolExecutor.runWorker(java.base@25.0.3/ThreadPoolExecutor.java:1090)
	at java.util.concurrent.ThreadPoolExecutor$Worker.run(java.base@25.0.3/ThreadPoolExecutor.java:614)
	at java.lang.Thread.runWith(java.base@25.0.3/Thread.java:1487)
	at java.lang.Thread.run(java.base@25.0.3/Thread.java:1474)

"Cancel handler" #38 [6000] prio=5 os_prio=0 cpu=0.00ms elapsed=648.31s tid=0x0000022bce51c1a0 nid=6000 waiting on condition  [0x000000a9558fe000]
   java.lang.Thread.State: WAITING (parking)
	at jdk.internal.misc.Unsafe.park(java.base@25.0.3/Native Method)
	- parking to wait for  <0x0000000080f31ef0> (a java.util.concurrent.locks.AbstractQueuedSynchronizer$ConditionObject)
	at java.util.concurrent.locks.LockSupport.park(java.base@25.0.3/LockSupport.java:369)
	at java.util.concurrent.locks.AbstractQueuedSynchronizer$ConditionNode.block(java.base@25.0.3/AbstractQueuedSynchronizer.java:520)
	at java.util.concurrent.ForkJoinPool.unmanagedBlock(java.base@25.0.3/ForkJoinPool.java:4364)
	at java.util.concurrent.ForkJoinPool.managedBlock(java.base@25.0.3/ForkJoinPool.java:4310)
	at java.util.concurrent.locks.AbstractQueuedSynchronizer$ConditionObject.await(java.base@25.0.3/AbstractQueuedSynchronizer.java:1752)
	at org.gradle.launcher.daemon.server.DefaultDaemonConnection$CommandQueue$1.run(DefaultDaemonConnection.java:248)
	at org.gradle.internal.concurrent.ExecutorPolicy$CatchAndRecordFailures.onExecute(ExecutorPolicy.java:64)
	at org.gradle.internal.concurrent.AbstractManagedExecutor$1.run(AbstractManagedExecutor.java:47)
	at java.util.concurrent.ThreadPoolExecutor.runWorker(java.base@25.0.3/ThreadPoolExecutor.java:1090)
	at java.util.concurrent.ThreadPoolExecutor$Worker.run(java.base@25.0.3/ThreadPoolExecutor.java:614)
	at java.lang.Thread.runWith(java.base@25.0.3/Thread.java:1487)
	at java.lang.Thread.run(java.base@25.0.3/Thread.java:1474)

"Daemon worker" #39 [37860] prio=5 os_prio=0 cpu=8093.75ms elapsed=648.29s tid=0x0000022bcea0a110 nid=37860 waiting on condition  [0x000000a9559fb000]
   java.lang.Thread.State: TIMED_WAITING (parking)
	at jdk.internal.misc.Unsafe.park(java.base@25.0.3/Native Method)
	- parking to wait for  <0x0000000083ac3470> (a java.util.concurrent.CountDownLatch$Sync)
	at java.util.concurrent.locks.LockSupport.parkNanos(java.base@25.0.3/LockSupport.java:271)
	at java.util.concurrent.locks.AbstractQueuedSynchronizer.acquire(java.base@25.0.3/AbstractQueuedSynchronizer.java:792)
	at java.util.concurrent.locks.AbstractQueuedSynchronizer.tryAcquireSharedNanos(java.base@25.0.3/AbstractQueuedSynchronizer.java:1166)
	at java.util.concurrent.CountDownLatch.await(java.base@25.0.3/CountDownLatch.java:276)
	at org.gradle.composite.internal.DefaultBuildControllers.lambda$awaitCompletion$1(DefaultBuildControllers.java:114)
	at org.gradle.composite.internal.DefaultBuildControllers$$Lambda/0x000000002aef4928.run(Unknown Source)
	at org.gradle.internal.Factories$1.create(Factories.java:30)
	at org.gradle.internal.work.DefaultWorkerLeaseService.lambda$withoutLocksBlocking$3(DefaultWorkerLeaseService.java:390)
	at org.gradle.internal.work.DefaultWorkerLeaseService$$Lambda/0x000000002a9474d8.create(Unknown Source)
	at org.gradle.internal.work.ResourceLockStatistics$1.measure(ResourceLockStatistics.java:43)
	at org.gradle.internal.work.DefaultWorkerLeaseService.withoutLocksBlocking(DefaultWorkerLeaseService.java:385)
	at org.gradle.internal.work.DefaultWorkerLeaseService.blocking(DefaultWorkerLeaseService.java:239)
	at org.gradle.internal.work.DefaultWorkerLeaseService.blocking(DefaultWorkerLeaseService.java:221)
	at org.gradle.composite.internal.DefaultBuildControllers.awaitCompletion(DefaultBuildControllers.java:112)
	at org.gradle.composite.internal.DefaultBuildControllers.execute(DefaultBuildControllers.java:96)
	at org.gradle.composite.internal.DefaultIncludedBuildTaskGraph$DefaultBuildTreeWorkGraph.runWork(DefaultIncludedBuildTaskGraph.java:235)
	at org.gradle.internal.buildtree.DefaultBuildTreeWorkExecutor.execute(DefaultBuildTreeWorkExecutor.java:24)
	at org.gradle.internal.buildtree.BuildOperationFiringBuildTreeWorkExecutor$2.call(BuildOperationFiringBuildTreeWorkExecutor.java:42)
	at org.gradle.internal.buildtree.BuildOperationFiringBuildTreeWorkExecutor$2.call(BuildOperationFiringBuildTreeWorkExecutor.java:39)
	at org.gradle.internal.operations.DefaultBuildOperationRunner$CallableBuildOperationWorker.execute(DefaultBuildOperationRunner.java:210)
	at org.gradle.internal.operations.DefaultBuildOperationRunner$CallableBuildOperationWorker.execute(DefaultBuildOperationRunner.java:205)
	at org.gradle.internal.operations.DefaultBuildOperationRunner$2.execute(DefaultBuildOperationRunner.java:67)
	at org.gradle.internal.operations.DefaultBuildOperationRunner$2.execute(DefaultBuildOperationRunner.java:60)
	at org.gradle.internal.operations.DefaultBuildOperationRunner.execute(DefaultBuildOperationRunner.java:167)
	at org.gradle.internal.operations.DefaultBuildOperationRunner.execute(DefaultBuildOperationRunner.java:60)
	at org.gradle.internal.operations.DefaultBuildOperationRunner.call(DefaultBuildOperationRunner.java:54)
	at org.gradle.internal.buildtree.BuildOperationFiringBuildTreeWorkExecutor.execute(BuildOperationFiringBuildTreeWorkExecutor.java:39)
	at org.gradle.internal.cc.impl.VintageBuildTreeWorkController$scheduleAndRunRequestedTasks$1.apply(VintageBuildTreeWorkController.kt:40)
	at org.gradle.internal.cc.impl.VintageBuildTreeWorkController$scheduleAndRunRequestedTasks$1.apply(VintageBuildTreeWorkController.kt:36)
	at org.gradle.composite.internal.DefaultIncludedBuildTaskGraph.withNewWorkGraph(DefaultIncludedBuildTaskGraph.java:115)
	at org.gradle.internal.cc.impl.VintageBuildTreeWorkController.scheduleAndRunRequestedTasks(VintageBuildTreeWorkController.kt:36)
	at org.gradle.internal.buildtree.DefaultBuildTreeLifecycleController.lambda$scheduleAndRunTasks$1(DefaultBuildTreeLifecycleController.java:76)
	at org.gradle.internal.buildtree.DefaultBuildTreeLifecycleController$$Lambda/0x000000002a449240.get(Unknown Source)
	at org.gradle.internal.buildtree.DefaultBuildTreeLifecycleController.lambda$runBuild$5(DefaultBuildTreeLifecycleController.java:121)
	at org.gradle.internal.buildtree.DefaultBuildTreeLifecycleController$$Lambda/0x000000002a449470.get(Unknown Source)
	at org.gradle.internal.model.StateTransitionController.lambda$transition$7(StateTransitionController.java:207)
	at org.gradle.internal.model.StateTransitionController$$Lambda/0x000000002a4498d0.get(Unknown Source)
	at org.gradle.internal.model.StateTransitionController.doTransition(StateTransitionController.java:304)
	at org.gradle.internal.model.StateTransitionController.lambda$transition$8(StateTransitionController.java:207)
	at org.gradle.internal.model.StateTransitionController$$Lambda/0x000000002a4496a0.create(Unknown Source)
	at org.gradle.internal.work.DefaultSynchronizer.withLock(DefaultSynchronizer.java:45)
	at org.gradle.internal.model.StateTransitionController.transition(StateTransitionController.java:207)
	at org.gradle.internal.buildtree.DefaultBuildTreeLifecycleController.runBuild(DefaultBuildTreeLifecycleController.java:118)
	at org.gradle.internal.buildtree.DefaultBuildTreeLifecycleController.scheduleAndRunTasks(DefaultBuildTreeLifecycleController.java:76)
	at org.gradle.internal.buildtree.DefaultBuildTreeLifecycleController.scheduleAndRunTasks(DefaultBuildTreeLifecycleController.java:71)
	at org.gradle.tooling.internal.provider.ExecuteBuildActionRunner.run(ExecuteBuildActionRunner.java:31)
	at org.gradle.launcher.exec.ChainingBuildActionRunner.run(ChainingBuildActionRunner.java:35)
	at org.gradle.internal.buildtree.ProblemReportingBuildActionRunner.run(ProblemReportingBuildActionRunner.java:54)
	at org.gradle.launcher.exec.BuildOutcomeReportingBuildActionRunner.run(BuildOutcomeReportingBuildActionRunner.java:83)
	at org.gradle.tooling.internal.provider.FileSystemWatchingBuildActionRunner.run(FileSystemWatchingBuildActionRunner.java:135)
	at org.gradle.launcher.exec.BuildCompletionNotifyingBuildActionRunner.run(BuildCompletionNotifyingBuildActionRunner.java:65)
	at org.gradle.launcher.exec.RootBuildLifecycleBuildActionExecutor.lambda$execute$0(RootBuildLifecycleBuildActionExecutor.java:101)
	at org.gradle.launcher.exec.RootBuildLifecycleBuildActionExecutor$$Lambda/0x000000002a42f210.apply(Unknown Source)
	at org.gradle.composite.internal.DefaultRootBuildState.run(DefaultRootBuildState.java:126)
	at org.gradle.launcher.exec.RootBuildLifecycleBuildActionExecutor.execute(RootBuildLifecycleBuildActionExecutor.java:101)
	at org.gradle.launcher.exec.BuildTreeLifecycleBuildActionExecutor.runRootBuildAction(BuildTreeLifecycleBuildActionExecutor.java:104)
	at org.gradle.launcher.exec.BuildTreeLifecycleBuildActionExecutor.execute(BuildTreeLifecycleBuildActionExecutor.java:74)
	at org.gradle.launcher.exec.RunAsBuildOperationBuildActionExecutor$2.call(RunAsBuildOperationBuildActionExecutor.java:65)
	at org.gradle.launcher.exec.RunAsBuildOperationBuildActionExecutor$2.call(RunAsBuildOperationBuildActionExecutor.java:61)
	at org.gradle.internal.operations.DefaultBuildOperationRunner$CallableBuildOperationWorker.execute(DefaultBuildOperationRunner.java:210)
	at org.gradle.internal.operations.DefaultBuildOperationRunner$CallableBuildOperationWorker.execute(DefaultBuildOperationRunner.java:205)
	at org.gradle.internal.operations.DefaultBuildOperationRunner$2.execute(DefaultBuildOperationRunner.java:67)
	at org.gradle.internal.operations.DefaultBuildOperationRunner$2.execute(DefaultBuildOperationRunner.java:60)
	at org.gradle.internal.operations.DefaultBuildOperationRunner.execute(DefaultBuildOperationRunner.java:167)
	at org.gradle.internal.operations.DefaultBuildOperationRunner.execute(DefaultBuildOperationRunner.java:60)
	at org.gradle.internal.operations.DefaultBuildOperationRunner.call(DefaultBuildOperationRunner.java:54)
	at org.gradle.launcher.exec.RunAsBuildOperationBuildActionExecutor.execute(RunAsBuildOperationBuildActionExecutor.java:61)
	at org.gradle.launcher.exec.RunAsWorkerThreadBuildActionExecutor.lambda$execute$0(RunAsWorkerThreadBuildActionExecutor.java:36)
	at org.gradle.launcher.exec.RunAsWorkerThreadBuildActionExecutor$$Lambda/0x000000002a28f328.create(Unknown Source)
	at org.gradle.internal.work.DefaultWorkerLeaseService.lambda$withLocksAcquired$0(DefaultWorkerLeaseService.java:280)
	at org.gradle.internal.work.DefaultWorkerLeaseService$$Lambda/0x000000002a298000.create(Unknown Source)
	at org.gradle.internal.work.ResourceLockStatistics$1.measure(ResourceLockStatistics.java:43)
	at org.gradle.internal.work.DefaultWorkerLeaseService.withLocksAcquired(DefaultWorkerLeaseService.java:278)
	at org.gradle.internal.work.DefaultWorkerLeaseService.withLocks(DefaultWorkerLeaseService.java:270)
	at org.gradle.internal.work.DefaultWorkerLeaseService.runAsWorkerThread(DefaultWorkerLeaseService.java:129)
	at org.gradle.launcher.exec.RunAsWorkerThreadBuildActionExecutor.execute(RunAsWorkerThreadBuildActionExecutor.java:36)
	at org.gradle.tooling.internal.provider.continuous.ContinuousBuildActionExecutor.execute(ContinuousBuildActionExecutor.java:110)
	at org.gradle.tooling.internal.provider.SubscribableBuildActionExecutor.execute(SubscribableBuildActionExecutor.java:64)
	at org.gradle.internal.session.DefaultBuildSessionContext.execute(DefaultBuildSessionContext.java:46)
	at org.gradle.internal.buildprocess.execution.BuildSessionLifecycleBuildActionExecutor$ActionImpl.apply(BuildSessionLifecycleBuildActionExecutor.java:106)
	at org.gradle.internal.buildprocess.execution.BuildSessionLifecycleBuildActionExecutor$ActionImpl.apply(BuildSessionLifecycleBuildActionExecutor.java:94)
	at org.gradle.internal.session.BuildSessionState.run(BuildSessionState.java:73)
	at org.gradle.internal.buildprocess.execution.BuildSessionLifecycleBuildActionExecutor.execute(BuildSessionLifecycleBuildActionExecutor.java:67)
	at org.gradle.internal.buildprocess.execution.BuildSessionLifecycleBuildActionExecutor.execute(BuildSessionLifecycleBuildActionExecutor.java:45)
	at org.gradle.internal.buildprocess.execution.StartParamsValidatingActionExecutor.execute(StartParamsValidatingActionExecutor.java:57)
	at org.gradle.internal.buildprocess.execution.StartParamsValidatingActionExecutor.execute(StartParamsValidatingActionExecutor.java:32)
	at org.gradle.internal.buildprocess.execution.SessionFailureReportingActionExecutor.execute(SessionFailureReportingActionExecutor.java:51)
	at org.gradle.internal.buildprocess.execution.SessionFailureReportingActionExecutor.execute(SessionFailureReportingActionExecutor.java:39)
	at org.gradle.internal.buildprocess.execution.SetupLoggingActionExecutor.execute(SetupLoggingActionExecutor.java:47)
	at org.gradle.internal.buildprocess.execution.SetupLoggingActionExecutor.execute(SetupLoggingActionExecutor.java:31)
	at org.gradle.launcher.daemon.server.exec.ExecuteBuild.doBuild(ExecuteBuild.java:70)
	at org.gradle.launcher.daemon.server.exec.BuildCommandOnly.execute(BuildCommandOnly.java:37)
	at org.gradle.launcher.daemon.server.api.DaemonCommandExecution.proceed(DaemonCommandExecution.java:104)
	at org.gradle.launcher.daemon.server.exec.WatchForDisconnection.execute(WatchForDisconnection.java:39)
	at org.gradle.launcher.daemon.server.api.DaemonCommandExecution.proceed(DaemonCommandExecution.java:104)
	at org.gradle.launcher.daemon.server.exec.ResetDeprecationLogger.execute(ResetDeprecationLogger.java:29)
	at org.gradle.launcher.daemon.server.api.DaemonCommandExecution.proceed(DaemonCommandExecution.java:104)
	at org.gradle.launcher.daemon.server.exec.RequestStopIfSingleUsedDaemon.execute(RequestStopIfSingleUsedDaemon.java:35)
	at org.gradle.launcher.daemon.server.api.DaemonCommandExecution.proceed(DaemonCommandExecution.java:104)
	at org.gradle.launcher.daemon.server.exec.ForwardClientInput.lambda$execute$0(ForwardClientInput.java:40)
	at org.gradle.launcher.daemon.server.exec.ForwardClientInput$$Lambda/0x000000002a19ab70.apply(Unknown Source)
	at org.gradle.internal.daemon.clientinput.ClientInputForwarder.forwardInput(ClientInputForwarder.java:80)
	at org.gradle.launcher.daemon.server.exec.ForwardClientInput.execute(ForwardClientInput.java:37)
	at org.gradle.launcher.daemon.server.api.DaemonCommandExecution.proceed(DaemonCommandExecution.java:104)
	at org.gradle.launcher.daemon.server.exec.LogAndCheckHealth.execute(LogAndCheckHealth.java:53)
	at org.gradle.launcher.daemon.server.api.DaemonCommandExecution.proceed(DaemonCommandExecution.java:104)
	at org.gradle.launcher.daemon.server.exec.LogToClient.doBuild(LogToClient.java:63)
	at org.gradle.launcher.daemon.server.exec.BuildCommandOnly.execute(BuildCommandOnly.java:37)
	at org.gradle.launcher.daemon.server.api.DaemonCommandExecution.proceed(DaemonCommandExecution.java:104)
	at org.gradle.launcher.daemon.server.exec.EstablishBuildEnvironment.doBuild(EstablishBuildEnvironment.java:84)
	at org.gradle.launcher.daemon.server.exec.BuildCommandOnly.execute(BuildCommandOnly.java:37)
	at org.gradle.launcher.daemon.server.api.DaemonCommandExecution.proceed(DaemonCommandExecution.java:104)
	at org.gradle.launcher.daemon.server.exec.StartBuildOrRespondWithBusy$1.run(StartBuildOrRespondWithBusy.java:52)
	at org.gradle.launcher.daemon.server.DaemonStateCoordinator.lambda$runCommand$0(DaemonStateCoordinator.java:321)
	at org.gradle.launcher.daemon.server.DaemonStateCoordinator$$Lambda/0x000000002a199898.run(Unknown Source)
	at org.gradle.internal.concurrent.ExecutorPolicy$CatchAndRecordFailures.onExecute(ExecutorPolicy.java:64)
	at org.gradle.internal.concurrent.AbstractManagedExecutor$1.run(AbstractManagedExecutor.java:47)
	at java.util.concurrent.ThreadPoolExecutor.runWorker(java.base@25.0.3/ThreadPoolExecutor.java:1090)
	at java.util.concurrent.ThreadPoolExecutor$Worker.run(java.base@25.0.3/ThreadPoolExecutor.java:614)
	at java.lang.Thread.runWith(java.base@25.0.3/Thread.java:1487)
	at java.lang.Thread.run(java.base@25.0.3/Thread.java:1474)

"Asynchronous log dispatcher for DefaultDaemonConnection: socket connection from /127.0.0.1:56912 to /127.0.0.1:56913" #40 [9112] prio=5 os_prio=0 cpu=1468.75ms elapsed=648.29s tid=0x0000022bcea06a60 nid=9112 sleeping [0x000000a955aff000]
   java.lang.Thread.State: TIMED_WAITING (sleeping)
	at java.lang.Thread.sleepNanos0(java.base@25.0.3/Native Method)
	at java.lang.Thread.sleepNanos(java.base@25.0.3/Thread.java:509)
	at java.lang.Thread.sleep(java.base@25.0.3/Thread.java:540)
	at org.gradle.launcher.daemon.server.exec.LogToClient$AsynchronousLogDispatcher.run(LogToClient.java:108)

"Stdin handler" #41 [20768] prio=5 os_prio=0 cpu=0.00ms elapsed=648.29s tid=0x0000022bcea089a0 nid=20768 waiting on condition  [0x000000a955bfe000]
   java.lang.Thread.State: WAITING (parking)
	at jdk.internal.misc.Unsafe.park(java.base@25.0.3/Native Method)
	- parking to wait for  <0x0000000080f4f478> (a java.util.concurrent.locks.AbstractQueuedSynchronizer$ConditionObject)
	at java.util.concurrent.locks.LockSupport.park(java.base@25.0.3/LockSupport.java:369)
	at java.util.concurrent.locks.AbstractQueuedSynchronizer$ConditionNode.block(java.base@25.0.3/AbstractQueuedSynchronizer.java:520)
	at java.util.concurrent.ForkJoinPool.unmanagedBlock(java.base@25.0.3/ForkJoinPool.java:4364)
	at java.util.concurrent.ForkJoinPool.managedBlock(java.base@25.0.3/ForkJoinPool.java:4310)
	at java.util.concurrent.locks.AbstractQueuedSynchronizer$ConditionObject.await(java.base@25.0.3/AbstractQueuedSynchronizer.java:1752)
	at org.gradle.launcher.daemon.server.DefaultDaemonConnection$CommandQueue$1.run(DefaultDaemonConnection.java:248)
	at org.gradle.internal.concurrent.ExecutorPolicy$CatchAndRecordFailures.onExecute(ExecutorPolicy.java:64)
	at org.gradle.internal.concurrent.AbstractManagedExecutor$1.run(AbstractManagedExecutor.java:47)
	at java.util.concurrent.ThreadPoolExecutor.runWorker(java.base@25.0.3/ThreadPoolExecutor.java:1090)
	at java.util.concurrent.ThreadPoolExecutor$Worker.run(java.base@25.0.3/ThreadPoolExecutor.java:614)
	at java.lang.Thread.runWith(java.base@25.0.3/Thread.java:1487)
	at java.lang.Thread.run(java.base@25.0.3/Thread.java:1474)

"Daemon client event forwarder" #42 [22436] prio=5 os_prio=0 cpu=1734.38ms elapsed=648.28s tid=0x0000022bcea07a00 nid=22436 runnable  [0x000000a955cff000]
   java.lang.Thread.State: TIMED_WAITING (parking)
	at jdk.internal.misc.Unsafe.park(java.base@25.0.3/Native Method)
	- parking to wait for  <0x0000000080f00350> (a java.util.concurrent.locks.AbstractQueuedSynchronizer$ConditionObject)
	at java.util.concurrent.locks.LockSupport.parkNanos(java.base@25.0.3/LockSupport.java:271)
	at java.util.concurrent.locks.AbstractQueuedSynchronizer$ConditionObject.awaitNanos(java.base@25.0.3/AbstractQueuedSynchronizer.java:1803)
	at java.util.concurrent.LinkedBlockingQueue.poll(java.base@25.0.3/LinkedBlockingQueue.java:460)
	at org.gradle.launcher.daemon.server.exec.DaemonConnectionBackedEventConsumer$ForwardEvents.getNextEvent(DaemonConnectionBackedEventConsumer.java:72)
	at org.gradle.launcher.daemon.server.exec.DaemonConnectionBackedEventConsumer$ForwardEvents.run(DaemonConnectionBackedEventConsumer.java:59)

"Cache worker for journal cache (C:\Users\avira\.gradle\caches\journal-1)" #43 [24568] prio=5 os_prio=0 cpu=406.25ms elapsed=648.01s tid=0x0000022bcea0b0b0 nid=24568 waiting on condition  [0x000000a955dfe000]
   java.lang.Thread.State: WAITING (parking)
	at jdk.internal.misc.Unsafe.park(java.base@25.0.3/Native Method)
	- parking to wait for  <0x0000000080f0fd40> (a java.util.concurrent.locks.AbstractQueuedSynchronizer$ConditionObject)
	at java.util.concurrent.locks.LockSupport.park(java.base@25.0.3/LockSupport.java:369)
	at java.util.concurrent.locks.AbstractQueuedSynchronizer$ConditionNode.block(java.base@25.0.3/AbstractQueuedSynchronizer.java:520)
	at java.util.concurrent.ForkJoinPool.unmanagedBlock(java.base@25.0.3/ForkJoinPool.java:4364)
	at java.util.concurrent.ForkJoinPool.managedBlock(java.base@25.0.3/ForkJoinPool.java:4310)
	at java.util.concurrent.locks.AbstractQueuedSynchronizer$ConditionObject.await(java.base@25.0.3/AbstractQueuedSynchronizer.java:1752)
	at java.util.concurrent.ArrayBlockingQueue.take(java.base@25.0.3/ArrayBlockingQueue.java:421)
	at org.gradle.cache.internal.ExclusiveCacheAccessingWorker.takeFromQueue(ExclusiveCacheAccessingWorker.java:163)
	at org.gradle.cache.internal.ExclusiveCacheAccessingWorker.run(ExclusiveCacheAccessingWorker.java:127)
	at org.gradle.internal.concurrent.ExecutorPolicy$CatchAndRecordFailures.onExecute(ExecutorPolicy.java:64)
	at org.gradle.internal.concurrent.AbstractManagedExecutor$1.run(AbstractManagedExecutor.java:47)
	at java.util.concurrent.ThreadPoolExecutor.runWorker(java.base@25.0.3/ThreadPoolExecutor.java:1090)
	at java.util.concurrent.ThreadPoolExecutor$Worker.run(java.base@25.0.3/ThreadPoolExecutor.java:614)
	at java.lang.Thread.runWith(java.base@25.0.3/Thread.java:1487)
	at java.lang.Thread.run(java.base@25.0.3/Thread.java:1474)

"File lock request listener" #44 [34284] prio=5 os_prio=0 cpu=0.00ms elapsed=647.99s tid=0x0000022bcea0c050 nid=34284 runnable  [0x000000a955efe000]
   java.lang.Thread.State: RUNNABLE
	at sun.nio.ch.DatagramChannelImpl.receive0(java.base@25.0.3/Native Method)
	at sun.nio.ch.DatagramChannelImpl.receiveIntoNativeBuffer(java.base@25.0.3/DatagramChannelImpl.java:730)
	at sun.nio.ch.DatagramChannelImpl.receive(java.base@25.0.3/DatagramChannelImpl.java:702)
	at sun.nio.ch.DatagramChannelImpl.tryBlockingReceive(java.base@25.0.3/DatagramChannelImpl.java:659)
	at sun.nio.ch.DatagramChannelImpl.blockingReceive(java.base@25.0.3/DatagramChannelImpl.java:619)
	at sun.nio.ch.DatagramSocketAdaptor.receive(java.base@25.0.3/DatagramSocketAdaptor.java:193)
	- locked <0x0000000080f05c68> (a java.net.DatagramPacket)
	at java.net.DatagramSocket.receive(java.base@25.0.3/DatagramSocket.java:638)
	at org.gradle.cache.internal.locklistener.DefaultFileLockCommunicator.receive(DefaultFileLockCommunicator.java:69)
	at org.gradle.cache.internal.locklistener.DefaultFileLockContentionHandler$1.doRun(DefaultFileLockContentionHandler.java:143)
	at org.gradle.cache.internal.locklistener.DefaultFileLockContentionHandler$1.run(DefaultFileLockContentionHandler.java:124)
	at org.gradle.internal.concurrent.ExecutorPolicy$CatchAndRecordFailures.onExecute(ExecutorPolicy.java:64)
	at org.gradle.internal.concurrent.AbstractManagedExecutor$1.run(AbstractManagedExecutor.java:47)
	at java.util.concurrent.ThreadPoolExecutor.runWorker(java.base@25.0.3/ThreadPoolExecutor.java:1090)
	at java.util.concurrent.ThreadPoolExecutor$Worker.run(java.base@25.0.3/ThreadPoolExecutor.java:614)
	at java.lang.Thread.runWith(java.base@25.0.3/Thread.java:1487)
	at java.lang.Thread.run(java.base@25.0.3/Thread.java:1474)

"Cache worker for file hash cache (C:\Users\avira\.gradle\caches\9.5.0\fileHashes)" #45 [32228] prio=5 os_prio=0 cpu=593.75ms elapsed=647.94s tid=0x0000022bcea0cff0 nid=32228 waiting on condition  [0x000000a955fff000]
   java.lang.Thread.State: WAITING (parking)
	at jdk.internal.misc.Unsafe.park(java.base@25.0.3/Native Method)
	- parking to wait for  <0x0000000080f004a0> (a java.util.concurrent.locks.AbstractQueuedSynchronizer$ConditionObject)
	at java.util.concurrent.locks.LockSupport.park(java.base@25.0.3/LockSupport.java:369)
	at java.util.concurrent.locks.AbstractQueuedSynchronizer$ConditionNode.block(java.base@25.0.3/AbstractQueuedSynchronizer.java:520)
	at java.util.concurrent.ForkJoinPool.unmanagedBlock(java.base@25.0.3/ForkJoinPool.java:4364)
	at java.util.concurrent.ForkJoinPool.managedBlock(java.base@25.0.3/ForkJoinPool.java:4310)
	at java.util.concurrent.locks.AbstractQueuedSynchronizer$ConditionObject.await(java.base@25.0.3/AbstractQueuedSynchronizer.java:1752)
	at java.util.concurrent.ArrayBlockingQueue.take(java.base@25.0.3/ArrayBlockingQueue.java:421)
	at org.gradle.cache.internal.ExclusiveCacheAccessingWorker.takeFromQueue(ExclusiveCacheAccessingWorker.java:163)
	at org.gradle.cache.internal.ExclusiveCacheAccessingWorker.run(ExclusiveCacheAccessingWorker.java:127)
	at org.gradle.internal.concurrent.ExecutorPolicy$CatchAndRecordFailures.onExecute(ExecutorPolicy.java:64)
	at org.gradle.internal.concurrent.AbstractManagedExecutor$1.run(AbstractManagedExecutor.java:47)
	at java.util.concurrent.ThreadPoolExecutor.runWorker(java.base@25.0.3/ThreadPoolExecutor.java:1090)
	at java.util.concurrent.ThreadPoolExecutor$Worker.run(java.base@25.0.3/ThreadPoolExecutor.java:614)
	at java.lang.Thread.runWith(java.base@25.0.3/Thread.java:1487)
	at java.lang.Thread.run(java.base@25.0.3/Thread.java:1474)

"Cache worker for file hash cache (D:\new itantra\.gradle\9.5.0\fileHashes)" #53 [27612] prio=5 os_prio=0 cpu=687.50ms elapsed=647.26s tid=0x0000022bd0c747d0 nid=27612 waiting on condition  [0x000000a954eff000]
   java.lang.Thread.State: WAITING (parking)
	at jdk.internal.misc.Unsafe.park(java.base@25.0.3/Native Method)
	- parking to wait for  <0x0000000080de5958> (a java.util.concurrent.locks.AbstractQueuedSynchronizer$ConditionObject)
	at java.util.concurrent.locks.LockSupport.park(java.base@25.0.3/LockSupport.java:369)
	at java.util.concurrent.locks.AbstractQueuedSynchronizer$ConditionNode.block(java.base@25.0.3/AbstractQueuedSynchronizer.java:520)
	at java.util.concurrent.ForkJoinPool.unmanagedBlock(java.base@25.0.3/ForkJoinPool.java:4364)
	at java.util.concurrent.ForkJoinPool.managedBlock(java.base@25.0.3/ForkJoinPool.java:4310)
	at java.util.concurrent.locks.AbstractQueuedSynchronizer$ConditionObject.await(java.base@25.0.3/AbstractQueuedSynchronizer.java:1752)
	at java.util.concurrent.ArrayBlockingQueue.take(java.base@25.0.3/ArrayBlockingQueue.java:421)
	at org.gradle.cache.internal.ExclusiveCacheAccessingWorker.takeFromQueue(ExclusiveCacheAccessingWorker.java:163)
	at org.gradle.cache.internal.ExclusiveCacheAccessingWorker.run(ExclusiveCacheAccessingWorker.java:127)
	at org.gradle.internal.concurrent.ExecutorPolicy$CatchAndRecordFailures.onExecute(ExecutorPolicy.java:64)
	at org.gradle.internal.concurrent.AbstractManagedExecutor$1.run(AbstractManagedExecutor.java:47)
	at java.util.concurrent.ThreadPoolExecutor.runWorker(java.base@25.0.3/ThreadPoolExecutor.java:1090)
	at java.util.concurrent.ThreadPoolExecutor$Worker.run(java.base@25.0.3/ThreadPoolExecutor.java:614)
	at java.lang.Thread.runWith(java.base@25.0.3/Thread.java:1487)
	at java.lang.Thread.run(java.base@25.0.3/Thread.java:1474)

"Cache worker for Build Output Cleanup Cache (D:\new itantra\.gradle\buildOutputCleanup)" #54 [20692] prio=5 os_prio=0 cpu=46.88ms elapsed=647.24s tid=0x0000022bd0c718f0 nid=20692 waiting on condition  [0x000000a9567fe000]
   java.lang.Thread.State: WAITING (parking)
	at jdk.internal.misc.Unsafe.park(java.base@25.0.3/Native Method)
	- parking to wait for  <0x0000000080defd90> (a java.util.concurrent.locks.AbstractQueuedSynchronizer$ConditionObject)
	at java.util.concurrent.locks.LockSupport.park(java.base@25.0.3/LockSupport.java:369)
	at java.util.concurrent.locks.AbstractQueuedSynchronizer$ConditionNode.block(java.base@25.0.3/AbstractQueuedSynchronizer.java:520)
	at java.util.concurrent.ForkJoinPool.unmanagedBlock(java.base@25.0.3/ForkJoinPool.java:4364)
	at java.util.concurrent.ForkJoinPool.managedBlock(java.base@25.0.3/ForkJoinPool.java:4310)
	at java.util.concurrent.locks.AbstractQueuedSynchronizer$ConditionObject.await(java.base@25.0.3/AbstractQueuedSynchronizer.java:1752)
	at java.util.concurrent.ArrayBlockingQueue.take(java.base@25.0.3/ArrayBlockingQueue.java:421)
	at org.gradle.cache.internal.ExclusiveCacheAccessingWorker.takeFromQueue(ExclusiveCacheAccessingWorker.java:163)
	at org.gradle.cache.internal.ExclusiveCacheAccessingWorker.run(ExclusiveCacheAccessingWorker.java:127)
	at org.gradle.internal.concurrent.ExecutorPolicy$CatchAndRecordFailures.onExecute(ExecutorPolicy.java:64)
	at org.gradle.internal.concurrent.AbstractManagedExecutor$1.run(AbstractManagedExecutor.java:47)
	at java.util.concurrent.ThreadPoolExecutor.runWorker(java.base@25.0.3/ThreadPoolExecutor.java:1090)
	at java.util.concurrent.ThreadPoolExecutor$Worker.run(java.base@25.0.3/ThreadPoolExecutor.java:614)
	at java.lang.Thread.runWith(java.base@25.0.3/Thread.java:1487)
	at java.lang.Thread.run(java.base@25.0.3/Thread.java:1474)

"File watcher server" #55 [40884] daemon prio=5 os_prio=0 cpu=78.12ms elapsed=647.10s tid=0x0000022bd0c76710 nid=40884 runnable  [0x000000a9568ff000]
   java.lang.Thread.State: RUNNABLE
	at org.gradle.fileevents.internal.AbstractNativeFileEventFunctions$NativeFileWatcher.executeRunLoop0(Native Method)
	at org.gradle.fileevents.internal.AbstractNativeFileEventFunctions$NativeFileWatcher.executeRunLoop(AbstractNativeFileEventFunctions.java:32)
	at org.gradle.fileevents.internal.AbstractFileEventFunctions$AbstractFileWatcher$1.run(AbstractFileEventFunctions.java:154)

"File watcher consumer" #56 [31384] daemon prio=5 os_prio=0 cpu=15.62ms elapsed=647.09s tid=0x0000022bcec40b40 nid=31384 waiting on condition  [0x000000a9569fe000]
   java.lang.Thread.State: WAITING (parking)
	at jdk.internal.misc.Unsafe.park(java.base@25.0.3/Native Method)
	- parking to wait for  <0x0000000080dffc18> (a java.util.concurrent.locks.AbstractQueuedSynchronizer$ConditionObject)
	at java.util.concurrent.locks.LockSupport.park(java.base@25.0.3/LockSupport.java:369)
	at java.util.concurrent.locks.AbstractQueuedSynchronizer$ConditionNode.block(java.base@25.0.3/AbstractQueuedSynchronizer.java:520)
	at java.util.concurrent.ForkJoinPool.unmanagedBlock(java.base@25.0.3/ForkJoinPool.java:4364)
	at java.util.concurrent.ForkJoinPool.managedBlock(java.base@25.0.3/ForkJoinPool.java:4310)
	at java.util.concurrent.locks.AbstractQueuedSynchronizer$ConditionObject.await(java.base@25.0.3/AbstractQueuedSynchronizer.java:1752)
	at java.util.concurrent.ArrayBlockingQueue.take(java.base@25.0.3/ArrayBlockingQueue.java:421)
	at org.gradle.internal.watch.registry.impl.DefaultFileWatcherRegistry.lambda$createAndStartEventConsumerThread$0(DefaultFileWatcherRegistry.java:76)
	at org.gradle.internal.watch.registry.impl.DefaultFileWatcherRegistry$$Lambda/0x000000002a442030.run(Unknown Source)
	at java.lang.Thread.runWith(java.base@25.0.3/Thread.java:1487)
	at java.lang.Thread.run(java.base@25.0.3/Thread.java:1474)

"Cache worker for file content cache (C:\Users\avira\.gradle\caches\9.5.0\fileContent)" #57 [20416] prio=5 os_prio=0 cpu=0.00ms elapsed=647.02s tid=0x0000022bcec3d490 nid=20416 waiting on condition  [0x000000a956afe000]
   java.lang.Thread.State: WAITING (parking)
	at jdk.internal.misc.Unsafe.park(java.base@25.0.3/Native Method)
	- parking to wait for  <0x0000000081b14c88> (a java.util.concurrent.locks.AbstractQueuedSynchronizer$ConditionObject)
	at java.util.concurrent.locks.LockSupport.park(java.base@25.0.3/LockSupport.java:369)
	at java.util.concurrent.locks.AbstractQueuedSynchronizer$ConditionNode.block(java.base@25.0.3/AbstractQueuedSynchronizer.java:520)
	at java.util.concurrent.ForkJoinPool.unmanagedBlock(java.base@25.0.3/ForkJoinPool.java:4364)
	at java.util.concurrent.ForkJoinPool.managedBlock(java.base@25.0.3/ForkJoinPool.java:4310)
	at java.util.concurrent.locks.AbstractQueuedSynchronizer$ConditionObject.await(java.base@25.0.3/AbstractQueuedSynchronizer.java:1752)
	at java.util.concurrent.ArrayBlockingQueue.take(java.base@25.0.3/ArrayBlockingQueue.java:421)
	at org.gradle.cache.internal.ExclusiveCacheAccessingWorker.takeFromQueue(ExclusiveCacheAccessingWorker.java:163)
	at org.gradle.cache.internal.ExclusiveCacheAccessingWorker.run(ExclusiveCacheAccessingWorker.java:127)
	at org.gradle.internal.concurrent.ExecutorPolicy$CatchAndRecordFailures.onExecute(ExecutorPolicy.java:64)
	at org.gradle.internal.concurrent.AbstractManagedExecutor$1.run(AbstractManagedExecutor.java:47)
	at java.util.concurrent.ThreadPoolExecutor.runWorker(java.base@25.0.3/ThreadPoolExecutor.java:1090)
	at java.util.concurrent.ThreadPoolExecutor$Worker.run(java.base@25.0.3/ThreadPoolExecutor.java:614)
	at java.lang.Thread.runWith(java.base@25.0.3/Thread.java:1487)
	at java.lang.Thread.run(java.base@25.0.3/Thread.java:1474)

"Cache worker for checksums cache (D:\new itantra\.gradle\9.5.0\checksums)" #58 [16188] prio=5 os_prio=0 cpu=0.00ms elapsed=646.97s tid=0x0000022bcec3e430 nid=16188 waiting on condition  [0x000000a956bfe000]
   java.lang.Thread.State: WAITING (parking)
	at jdk.internal.misc.Unsafe.park(java.base@25.0.3/Native Method)
	- parking to wait for  <0x0000000081b1f498> (a java.util.concurrent.locks.AbstractQueuedSynchronizer$ConditionObject)
	at java.util.concurrent.locks.LockSupport.park(java.base@25.0.3/LockSupport.java:369)
	at java.util.concurrent.locks.AbstractQueuedSynchronizer$ConditionNode.block(java.base@25.0.3/AbstractQueuedSynchronizer.java:520)
	at java.util.concurrent.ForkJoinPool.unmanagedBlock(java.base@25.0.3/ForkJoinPool.java:4364)
	at java.util.concurrent.ForkJoinPool.managedBlock(java.base@25.0.3/ForkJoinPool.java:4310)
	at java.util.concurrent.locks.AbstractQueuedSynchronizer$ConditionObject.await(java.base@25.0.3/AbstractQueuedSynchronizer.java:1752)
	at java.util.concurrent.ArrayBlockingQueue.take(java.base@25.0.3/ArrayBlockingQueue.java:421)
	at org.gradle.cache.internal.ExclusiveCacheAccessingWorker.takeFromQueue(ExclusiveCacheAccessingWorker.java:163)
	at org.gradle.cache.internal.ExclusiveCacheAccessingWorker.run(ExclusiveCacheAccessingWorker.java:127)
	at org.gradle.internal.concurrent.ExecutorPolicy$CatchAndRecordFailures.onExecute(ExecutorPolicy.java:64)
	at org.gradle.internal.concurrent.AbstractManagedExecutor$1.run(AbstractManagedExecutor.java:47)
	at java.util.concurrent.ThreadPoolExecutor.runWorker(java.base@25.0.3/ThreadPoolExecutor.java:1090)
	at java.util.concurrent.ThreadPoolExecutor$Worker.run(java.base@25.0.3/ThreadPoolExecutor.java:614)
	at java.lang.Thread.runWith(java.base@25.0.3/Thread.java:1487)
	at java.lang.Thread.run(java.base@25.0.3/Thread.java:1474)

"Cache worker for cache directory md-supplier (C:\Users\avira\.gradle\caches\9.5.0\md-supplier)" #59 [15768] prio=5 os_prio=0 cpu=0.00ms elapsed=646.82s tid=0x0000022bcec40370 nid=15768 waiting on condition  [0x000000a956cfe000]
   java.lang.Thread.State: WAITING (parking)
	at jdk.internal.misc.Unsafe.park(java.base@25.0.3/Native Method)
	- parking to wait for  <0x0000000081b27e40> (a java.util.concurrent.locks.AbstractQueuedSynchronizer$ConditionObject)
	at java.util.concurrent.locks.LockSupport.park(java.base@25.0.3/LockSupport.java:369)
	at java.util.concurrent.locks.AbstractQueuedSynchronizer$ConditionNode.block(java.base@25.0.3/AbstractQueuedSynchronizer.java:520)
	at java.util.concurrent.ForkJoinPool.unmanagedBlock(java.base@25.0.3/ForkJoinPool.java:4364)
	at java.util.concurrent.ForkJoinPool.managedBlock(java.base@25.0.3/ForkJoinPool.java:4310)
	at java.util.concurrent.locks.AbstractQueuedSynchronizer$ConditionObject.await(java.base@25.0.3/AbstractQueuedSynchronizer.java:1752)
	at java.util.concurrent.ArrayBlockingQueue.take(java.base@25.0.3/ArrayBlockingQueue.java:421)
	at org.gradle.cache.internal.ExclusiveCacheAccessingWorker.takeFromQueue(ExclusiveCacheAccessingWorker.java:163)
	at org.gradle.cache.internal.ExclusiveCacheAccessingWorker.run(ExclusiveCacheAccessingWorker.java:127)
	at org.gradle.internal.concurrent.ExecutorPolicy$CatchAndRecordFailures.onExecute(ExecutorPolicy.java:64)
	at org.gradle.internal.concurrent.AbstractManagedExecutor$1.run(AbstractManagedExecutor.java:47)
	at java.util.concurrent.ThreadPoolExecutor.runWorker(java.base@25.0.3/ThreadPoolExecutor.java:1090)
	at java.util.concurrent.ThreadPoolExecutor$Worker.run(java.base@25.0.3/ThreadPoolExecutor.java:614)
	at java.lang.Thread.runWith(java.base@25.0.3/Thread.java:1487)
	at java.lang.Thread.run(java.base@25.0.3/Thread.java:1474)

"Cache worker for cache directory md-rule (C:\Users\avira\.gradle\caches\9.5.0\md-rule)" #60 [28152] prio=5 os_prio=0 cpu=0.00ms elapsed=646.79s tid=0x0000022bcee43510 nid=28152 waiting on condition  [0x000000a956dfe000]
   java.lang.Thread.State: WAITING (parking)
	at jdk.internal.misc.Unsafe.park(java.base@25.0.3/Native Method)
	- parking to wait for  <0x0000000081b3b900> (a java.util.concurrent.locks.AbstractQueuedSynchronizer$ConditionObject)
	at java.util.concurrent.locks.LockSupport.park(java.base@25.0.3/LockSupport.java:369)
	at java.util.concurrent.locks.AbstractQueuedSynchronizer$ConditionNode.block(java.base@25.0.3/AbstractQueuedSynchronizer.java:520)
	at java.util.concurrent.ForkJoinPool.unmanagedBlock(java.base@25.0.3/ForkJoinPool.java:4364)
	at java.util.concurrent.ForkJoinPool.managedBlock(java.base@25.0.3/ForkJoinPool.java:4310)
	at java.util.concurrent.locks.AbstractQueuedSynchronizer$ConditionObject.await(java.base@25.0.3/AbstractQueuedSynchronizer.java:1752)
	at java.util.concurrent.ArrayBlockingQueue.take(java.base@25.0.3/ArrayBlockingQueue.java:421)
	at org.gradle.cache.internal.ExclusiveCacheAccessingWorker.takeFromQueue(ExclusiveCacheAccessingWorker.java:163)
	at org.gradle.cache.internal.ExclusiveCacheAccessingWorker.run(ExclusiveCacheAccessingWorker.java:127)
	at org.gradle.internal.concurrent.ExecutorPolicy$CatchAndRecordFailures.onExecute(ExecutorPolicy.java:64)
	at org.gradle.internal.concurrent.AbstractManagedExecutor$1.run(AbstractManagedExecutor.java:47)
	at java.util.concurrent.ThreadPoolExecutor.runWorker(java.base@25.0.3/ThreadPoolExecutor.java:1090)
	at java.util.concurrent.ThreadPoolExecutor$Worker.run(java.base@25.0.3/ThreadPoolExecutor.java:614)
	at java.lang.Thread.runWith(java.base@25.0.3/Thread.java:1487)
	at java.lang.Thread.run(java.base@25.0.3/Thread.java:1474)

"jar transforms" #61 [37464] prio=5 os_prio=0 cpu=0.00ms elapsed=646.67s tid=0x0000022bcee45450 nid=37464 waiting on condition  [0x000000a956efe000]
   java.lang.Thread.State: WAITING (parking)
	at jdk.internal.misc.Unsafe.park(java.base@25.0.3/Native Method)
	- parking to wait for  <0x0000000080fa1e90> (a java.util.concurrent.locks.AbstractQueuedSynchronizer$ConditionObject)
	at java.util.concurrent.locks.LockSupport.park(java.base@25.0.3/LockSupport.java:369)
	at java.util.concurrent.locks.AbstractQueuedSynchronizer$ConditionNode.block(java.base@25.0.3/AbstractQueuedSynchronizer.java:520)
	at java.util.concurrent.ForkJoinPool.unmanagedBlock(java.base@25.0.3/ForkJoinPool.java:4364)
	at java.util.concurrent.ForkJoinPool.managedBlock(java.base@25.0.3/ForkJoinPool.java:4310)
	at java.util.concurrent.locks.AbstractQueuedSynchronizer$ConditionObject.await(java.base@25.0.3/AbstractQueuedSynchronizer.java:1752)
	at java.util.concurrent.LinkedBlockingQueue.take(java.base@25.0.3/LinkedBlockingQueue.java:435)
	at java.util.concurrent.ThreadPoolExecutor.getTask(java.base@25.0.3/ThreadPoolExecutor.java:1016)
	at java.util.concurrent.ThreadPoolExecutor.runWorker(java.base@25.0.3/ThreadPoolExecutor.java:1076)
	at java.util.concurrent.ThreadPoolExecutor$Worker.run(java.base@25.0.3/ThreadPoolExecutor.java:614)
	at java.lang.Thread.runWith(java.base@25.0.3/Thread.java:1487)
	at java.lang.Thread.run(java.base@25.0.3/Thread.java:1474)

"jar transforms Thread 2" #62 [18992] prio=5 os_prio=0 cpu=0.00ms elapsed=646.64s tid=0x0000022bcee444b0 nid=18992 waiting on condition  [0x000000a956fff000]
   java.lang.Thread.State: WAITING (parking)
	at jdk.internal.misc.Unsafe.park(java.base@25.0.3/Native Method)
	- parking to wait for  <0x0000000080fa1e90> (a java.util.concurrent.locks.AbstractQueuedSynchronizer$ConditionObject)
	at java.util.concurrent.locks.LockSupport.park(java.base@25.0.3/LockSupport.java:369)
	at java.util.concurrent.locks.AbstractQueuedSynchronizer$ConditionNode.block(java.base@25.0.3/AbstractQueuedSynchronizer.java:520)
	at java.util.concurrent.ForkJoinPool.unmanagedBlock(java.base@25.0.3/ForkJoinPool.java:4364)
	at java.util.concurrent.ForkJoinPool.managedBlock(java.base@25.0.3/ForkJoinPool.java:4310)
	at java.util.concurrent.locks.AbstractQueuedSynchronizer$ConditionObject.await(java.base@25.0.3/AbstractQueuedSynchronizer.java:1752)
	at java.util.concurrent.LinkedBlockingQueue.take(java.base@25.0.3/LinkedBlockingQueue.java:435)
	at java.util.concurrent.ThreadPoolExecutor.getTask(java.base@25.0.3/ThreadPoolExecutor.java:1016)
	at java.util.concurrent.ThreadPoolExecutor.runWorker(java.base@25.0.3/ThreadPoolExecutor.java:1076)
	at java.util.concurrent.ThreadPoolExecutor$Worker.run(java.base@25.0.3/ThreadPoolExecutor.java:614)
	at java.lang.Thread.runWith(java.base@25.0.3/Thread.java:1487)
	at java.lang.Thread.run(java.base@25.0.3/Thread.java:1474)

"Build operations" #63 [37084] prio=5 os_prio=0 cpu=453.12ms elapsed=645.71s tid=0x0000022bcee48b00 nid=37084 waiting on condition  [0x000000a9571ff000]
   java.lang.Thread.State: WAITING (parking)
	at jdk.internal.misc.Unsafe.park(java.base@25.0.3/Native Method)
	- parking to wait for  <0x0000000081931ed8> (a java.util.concurrent.locks.AbstractQueuedSynchronizer$ConditionObject)
	at java.util.concurrent.locks.LockSupport.park(java.base@25.0.3/LockSupport.java:369)
	at java.util.concurrent.locks.AbstractQueuedSynchronizer$ConditionNode.block(java.base@25.0.3/AbstractQueuedSynchronizer.java:520)
	at java.util.concurrent.ForkJoinPool.unmanagedBlock(java.base@25.0.3/ForkJoinPool.java:4364)
	at java.util.concurrent.ForkJoinPool.managedBlock(java.base@25.0.3/ForkJoinPool.java:4310)
	at java.util.concurrent.locks.AbstractQueuedSynchronizer$ConditionObject.await(java.base@25.0.3/AbstractQueuedSynchronizer.java:1752)
	at java.util.concurrent.LinkedBlockingQueue.take(java.base@25.0.3/LinkedBlockingQueue.java:435)
	at java.util.concurrent.ThreadPoolExecutor.getTask(java.base@25.0.3/ThreadPoolExecutor.java:1016)
	at java.util.concurrent.ThreadPoolExecutor.runWorker(java.base@25.0.3/ThreadPoolExecutor.java:1076)
	at java.util.concurrent.ThreadPoolExecutor$Worker.run(java.base@25.0.3/ThreadPoolExecutor.java:614)
	at java.lang.Thread.runWith(java.base@25.0.3/Thread.java:1487)
	at java.lang.Thread.run(java.base@25.0.3/Thread.java:1474)

"Build operations Thread 2" #64 [28376] prio=5 os_prio=0 cpu=484.38ms elapsed=645.68s tid=0x0000022bcee49aa0 nid=28376 waiting on condition  [0x000000a9572fe000]
   java.lang.Thread.State: WAITING (parking)
	at jdk.internal.misc.Unsafe.park(java.base@25.0.3/Native Method)
	- parking to wait for  <0x0000000081931ed8> (a java.util.concurrent.locks.AbstractQueuedSynchronizer$ConditionObject)
	at java.util.concurrent.locks.LockSupport.park(java.base@25.0.3/LockSupport.java:369)
	at java.util.concurrent.locks.AbstractQueuedSynchronizer$ConditionNode.block(java.base@25.0.3/AbstractQueuedSynchronizer.java:520)
	at java.util.concurrent.ForkJoinPool.unmanagedBlock(java.base@25.0.3/ForkJoinPool.java:4364)
	at java.util.concurrent.ForkJoinPool.managedBlock(java.base@25.0.3/ForkJoinPool.java:4310)
	at java.util.concurrent.locks.AbstractQueuedSynchronizer$ConditionObject.await(java.base@25.0.3/AbstractQueuedSynchronizer.java:1752)
	at java.util.concurrent.LinkedBlockingQueue.take(java.base@25.0.3/LinkedBlockingQueue.java:435)
	at java.util.concurrent.ThreadPoolExecutor.getTask(java.base@25.0.3/ThreadPoolExecutor.java:1016)
	at java.util.concurrent.ThreadPoolExecutor.runWorker(java.base@25.0.3/ThreadPoolExecutor.java:1076)
	at java.util.concurrent.ThreadPoolExecutor$Worker.run(java.base@25.0.3/ThreadPoolExecutor.java:614)
	at java.lang.Thread.runWith(java.base@25.0.3/Thread.java:1487)
	at java.lang.Thread.run(java.base@25.0.3/Thread.java:1474)

"Build operations Thread 3" #65 [28448] prio=5 os_prio=0 cpu=1156.25ms elapsed=645.66s tid=0x0000022bd069f000 nid=28448 waiting on condition  [0x000000a9573ff000]
   java.lang.Thread.State: WAITING (parking)
	at jdk.internal.misc.Unsafe.park(java.base@25.0.3/Native Method)
	- parking to wait for  <0x0000000081931ed8> (a java.util.concurrent.locks.AbstractQueuedSynchronizer$ConditionObject)
	at java.util.concurrent.locks.LockSupport.park(java.base@25.0.3/LockSupport.java:369)
	at java.util.concurrent.locks.AbstractQueuedSynchronizer$ConditionNode.block(java.base@25.0.3/AbstractQueuedSynchronizer.java:520)
	at java.util.concurrent.ForkJoinPool.unmanagedBlock(java.base@25.0.3/ForkJoinPool.java:4364)
	at java.util.concurrent.ForkJoinPool.managedBlock(java.base@25.0.3/ForkJoinPool.java:4310)
	at java.util.concurrent.locks.AbstractQueuedSynchronizer$ConditionObject.await(java.base@25.0.3/AbstractQueuedSynchronizer.java:1752)
	at java.util.concurrent.LinkedBlockingQueue.take(java.base@25.0.3/LinkedBlockingQueue.java:435)
	at java.util.concurrent.ThreadPoolExecutor.getTask(java.base@25.0.3/ThreadPoolExecutor.java:1016)
	at java.util.concurrent.ThreadPoolExecutor.runWorker(java.base@25.0.3/ThreadPoolExecutor.java:1076)
	at java.util.concurrent.ThreadPoolExecutor$Worker.run(java.base@25.0.3/ThreadPoolExecutor.java:614)
	at java.lang.Thread.runWith(java.base@25.0.3/Thread.java:1487)
	at java.lang.Thread.run(java.base@25.0.3/Thread.java:1474)

"Build operations Thread 4" #66 [14476] prio=5 os_prio=0 cpu=4312.50ms elapsed=644.50s tid=0x0000022bd069c8f0 nid=14476 waiting on condition  [0x000000a9574ff000]
   java.lang.Thread.State: WAITING (parking)
	at jdk.internal.misc.Unsafe.park(java.base@25.0.3/Native Method)
	- parking to wait for  <0x0000000081931ed8> (a java.util.concurrent.locks.AbstractQueuedSynchronizer$ConditionObject)
	at java.util.concurrent.locks.LockSupport.park(java.base@25.0.3/LockSupport.java:369)
	at java.util.concurrent.locks.AbstractQueuedSynchronizer$ConditionNode.block(java.base@25.0.3/AbstractQueuedSynchronizer.java:520)
	at java.util.concurrent.ForkJoinPool.unmanagedBlock(java.base@25.0.3/ForkJoinPool.java:4364)
	at java.util.concurrent.ForkJoinPool.managedBlock(java.base@25.0.3/ForkJoinPool.java:4310)
	at java.util.concurrent.locks.AbstractQueuedSynchronizer$ConditionObject.await(java.base@25.0.3/AbstractQueuedSynchronizer.java:1752)
	at java.util.concurrent.LinkedBlockingQueue.take(java.base@25.0.3/LinkedBlockingQueue.java:435)
	at java.util.concurrent.ThreadPoolExecutor.getTask(java.base@25.0.3/ThreadPoolExecutor.java:1016)
	at java.util.concurrent.ThreadPoolExecutor.runWorker(java.base@25.0.3/ThreadPoolExecutor.java:1076)
	at java.util.concurrent.ThreadPoolExecutor$Worker.run(java.base@25.0.3/ThreadPoolExecutor.java:614)
	at java.lang.Thread.runWith(java.base@25.0.3/Thread.java:1487)
	at java.lang.Thread.run(java.base@25.0.3/Thread.java:1474)

"Build operations Thread 5" #67 [17424] prio=5 os_prio=0 cpu=531.25ms elapsed=644.50s tid=0x0000022bd069e830 nid=17424 waiting on condition  [0x000000a9575fe000]
   java.lang.Thread.State: WAITING (parking)
	at jdk.internal.misc.Unsafe.park(java.base@25.0.3/Native Method)
	- parking to wait for  <0x0000000081931ed8> (a java.util.concurrent.locks.AbstractQueuedSynchronizer$ConditionObject)
	at java.util.concurrent.locks.LockSupport.park(java.base@25.0.3/LockSupport.java:369)
	at java.util.concurrent.locks.AbstractQueuedSynchronizer$ConditionNode.block(java.base@25.0.3/AbstractQueuedSynchronizer.java:520)
	at java.util.concurrent.ForkJoinPool.unmanagedBlock(java.base@25.0.3/ForkJoinPool.java:4364)
	at java.util.concurrent.ForkJoinPool.managedBlock(java.base@25.0.3/ForkJoinPool.java:4310)
	at java.util.concurrent.locks.AbstractQueuedSynchronizer$ConditionObject.await(java.base@25.0.3/AbstractQueuedSynchronizer.java:1752)
	at java.util.concurrent.LinkedBlockingQueue.take(java.base@25.0.3/LinkedBlockingQueue.java:435)
	at java.util.concurrent.ThreadPoolExecutor.getTask(java.base@25.0.3/ThreadPoolExecutor.java:1016)
	at java.util.concurrent.ThreadPoolExecutor.runWorker(java.base@25.0.3/ThreadPoolExecutor.java:1076)
	at java.util.concurrent.ThreadPoolExecutor$Worker.run(java.base@25.0.3/ThreadPoolExecutor.java:614)
	at java.lang.Thread.runWith(java.base@25.0.3/Thread.java:1487)
	at java.lang.Thread.run(java.base@25.0.3/Thread.java:1474)

"Build operations Thread 6" #68 [12908] prio=5 os_prio=0 cpu=968.75ms elapsed=644.50s tid=0x0000022bd06a0770 nid=12908 waiting on condition  [0x000000a9576ff000]
   java.lang.Thread.State: WAITING (parking)
	at jdk.internal.misc.Unsafe.park(java.base@25.0.3/Native Method)
	- parking to wait for  <0x0000000081931ed8> (a java.util.concurrent.locks.AbstractQueuedSynchronizer$ConditionObject)
	at java.util.concurrent.locks.LockSupport.park(java.base@25.0.3/LockSupport.java:369)
	at java.util.concurrent.locks.AbstractQueuedSynchronizer$ConditionNode.block(java.base@25.0.3/AbstractQueuedSynchronizer.java:520)
	at java.util.concurrent.ForkJoinPool.unmanagedBlock(java.base@25.0.3/ForkJoinPool.java:4364)
	at java.util.concurrent.ForkJoinPool.managedBlock(java.base@25.0.3/ForkJoinPool.java:4310)
	at java.util.concurrent.locks.AbstractQueuedSynchronizer$ConditionObject.await(java.base@25.0.3/AbstractQueuedSynchronizer.java:1752)
	at java.util.concurrent.LinkedBlockingQueue.take(java.base@25.0.3/LinkedBlockingQueue.java:435)
	at java.util.concurrent.ThreadPoolExecutor.getTask(java.base@25.0.3/ThreadPoolExecutor.java:1016)
	at java.util.concurrent.ThreadPoolExecutor.runWorker(java.base@25.0.3/ThreadPoolExecutor.java:1076)
	at java.util.concurrent.ThreadPoolExecutor$Worker.run(java.base@25.0.3/ThreadPoolExecutor.java:614)
	at java.lang.Thread.runWith(java.base@25.0.3/Thread.java:1487)
	at java.lang.Thread.run(java.base@25.0.3/Thread.java:1474)

"Build operations Thread 7" #69 [14696] prio=5 os_prio=0 cpu=453.12ms elapsed=644.50s tid=0x0000022bd06a1710 nid=14696 waiting on condition  [0x000000a9577ff000]
   java.lang.Thread.State: WAITING (parking)
	at jdk.internal.misc.Unsafe.park(java.base@25.0.3/Native Method)
	- parking to wait for  <0x0000000081931ed8> (a java.util.concurrent.locks.AbstractQueuedSynchronizer$ConditionObject)
	at java.util.concurrent.locks.LockSupport.park(java.base@25.0.3/LockSupport.java:369)
	at java.util.concurrent.locks.AbstractQueuedSynchronizer$ConditionNode.block(java.base@25.0.3/AbstractQueuedSynchronizer.java:520)
	at java.util.concurrent.ForkJoinPool.unmanagedBlock(java.base@25.0.3/ForkJoinPool.java:4364)
	at java.util.concurrent.ForkJoinPool.managedBlock(java.base@25.0.3/ForkJoinPool.java:4310)
	at java.util.concurrent.locks.AbstractQueuedSynchronizer$ConditionObject.await(java.base@25.0.3/AbstractQueuedSynchronizer.java:1752)
	at java.util.concurrent.LinkedBlockingQueue.take(java.base@25.0.3/LinkedBlockingQueue.java:435)
	at java.util.concurrent.ThreadPoolExecutor.getTask(java.base@25.0.3/ThreadPoolExecutor.java:1016)
	at java.util.concurrent.ThreadPoolExecutor.runWorker(java.base@25.0.3/ThreadPoolExecutor.java:1076)
	at java.util.concurrent.ThreadPoolExecutor$Worker.run(java.base@25.0.3/ThreadPoolExecutor.java:614)
	at java.lang.Thread.runWith(java.base@25.0.3/Thread.java:1487)
	at java.lang.Thread.run(java.base@25.0.3/Thread.java:1474)

"Build operations Thread 8" #70 [1904] prio=5 os_prio=0 cpu=765.62ms elapsed=644.50s tid=0x0000022bd06a1ee0 nid=1904 waiting on condition  [0x000000a9578ff000]
   java.lang.Thread.State: WAITING (parking)
	at jdk.internal.misc.Unsafe.park(java.base@25.0.3/Native Method)
	- parking to wait for  <0x0000000081931ed8> (a java.util.concurrent.locks.AbstractQueuedSynchronizer$ConditionObject)
	at java.util.concurrent.locks.LockSupport.park(java.base@25.0.3/LockSupport.java:369)
	at java.util.concurrent.locks.AbstractQueuedSynchronizer$ConditionNode.block(java.base@25.0.3/AbstractQueuedSynchronizer.java:520)
	at java.util.concurrent.ForkJoinPool.unmanagedBlock(java.base@25.0.3/ForkJoinPool.java:4364)
	at java.util.concurrent.ForkJoinPool.managedBlock(java.base@25.0.3/ForkJoinPool.java:4310)
	at java.util.concurrent.locks.AbstractQueuedSynchronizer$ConditionObject.await(java.base@25.0.3/AbstractQueuedSynchronizer.java:1752)
	at java.util.concurrent.LinkedBlockingQueue.take(java.base@25.0.3/LinkedBlockingQueue.java:435)
	at java.util.concurrent.ThreadPoolExecutor.getTask(java.base@25.0.3/ThreadPoolExecutor.java:1016)
	at java.util.concurrent.ThreadPoolExecutor.runWorker(java.base@25.0.3/ThreadPoolExecutor.java:1076)
	at java.util.concurrent.ThreadPoolExecutor$Worker.run(java.base@25.0.3/ThreadPoolExecutor.java:614)
	at java.lang.Thread.runWith(java.base@25.0.3/Thread.java:1487)
	at java.lang.Thread.run(java.base@25.0.3/Thread.java:1474)

"Build operations Thread 9" #71 [39400] prio=5 os_prio=0 cpu=7359.38ms elapsed=644.50s tid=0x0000022bcd5ca0d0 nid=39400 waiting on condition  [0x000000a9579ff000]
   java.lang.Thread.State: WAITING (parking)
	at jdk.internal.misc.Unsafe.park(java.base@25.0.3/Native Method)
	- parking to wait for  <0x0000000081931ed8> (a java.util.concurrent.locks.AbstractQueuedSynchronizer$ConditionObject)
	at java.util.concurrent.locks.LockSupport.park(java.base@25.0.3/LockSupport.java:369)
	at java.util.concurrent.locks.AbstractQueuedSynchronizer$ConditionNode.block(java.base@25.0.3/AbstractQueuedSynchronizer.java:520)
	at java.util.concurrent.ForkJoinPool.unmanagedBlock(java.base@25.0.3/ForkJoinPool.java:4364)
	at java.util.concurrent.ForkJoinPool.managedBlock(java.base@25.0.3/ForkJoinPool.java:4310)
	at java.util.concurrent.locks.AbstractQueuedSynchronizer$ConditionObject.await(java.base@25.0.3/AbstractQueuedSynchronizer.java:1752)
	at java.util.concurrent.LinkedBlockingQueue.take(java.base@25.0.3/LinkedBlockingQueue.java:435)
	at java.util.concurrent.ThreadPoolExecutor.getTask(java.base@25.0.3/ThreadPoolExecutor.java:1016)
	at java.util.concurrent.ThreadPoolExecutor.runWorker(java.base@25.0.3/ThreadPoolExecutor.java:1076)
	at java.util.concurrent.ThreadPoolExecutor$Worker.run(java.base@25.0.3/ThreadPoolExecutor.java:614)
	at java.lang.Thread.runWith(java.base@25.0.3/Thread.java:1487)
	at java.lang.Thread.run(java.base@25.0.3/Thread.java:1474)

"Build operations Thread 10" #72 [27068] prio=5 os_prio=0 cpu=437.50ms elapsed=644.50s tid=0x0000022bcd5ccfb0 nid=27068 waiting on condition  [0x000000a957aff000]
   java.lang.Thread.State: WAITING (parking)
	at jdk.internal.misc.Unsafe.park(java.base@25.0.3/Native Method)
	- parking to wait for  <0x0000000081931ed8> (a java.util.concurrent.locks.AbstractQueuedSynchronizer$ConditionObject)
	at java.util.concurrent.locks.LockSupport.park(java.base@25.0.3/LockSupport.java:369)
	at java.util.concurrent.locks.AbstractQueuedSynchronizer$ConditionNode.block(java.base@25.0.3/AbstractQueuedSynchronizer.java:520)
	at java.util.concurrent.ForkJoinPool.unmanagedBlock(java.base@25.0.3/ForkJoinPool.java:4364)
	at java.util.concurrent.ForkJoinPool.managedBlock(java.base@25.0.3/ForkJoinPool.java:4310)
	at java.util.concurrent.locks.AbstractQueuedSynchronizer$ConditionObject.await(java.base@25.0.3/AbstractQueuedSynchronizer.java:1752)
	at java.util.concurrent.LinkedBlockingQueue.take(java.base@25.0.3/LinkedBlockingQueue.java:435)
	at java.util.concurrent.ThreadPoolExecutor.getTask(java.base@25.0.3/ThreadPoolExecutor.java:1016)
	at java.util.concurrent.ThreadPoolExecutor.runWorker(java.base@25.0.3/ThreadPoolExecutor.java:1076)
	at java.util.concurrent.ThreadPoolExecutor$Worker.run(java.base@25.0.3/ThreadPoolExecutor.java:614)
	at java.lang.Thread.runWith(java.base@25.0.3/Thread.java:1487)
	at java.lang.Thread.run(java.base@25.0.3/Thread.java:1474)

"Build operations Thread 11" #73 [20708] prio=5 os_prio=0 cpu=421.88ms elapsed=644.50s tid=0x0000022bcd5cd780 nid=20708 waiting on condition  [0x000000a957bfe000]
   java.lang.Thread.State: WAITING (parking)
	at jdk.internal.misc.Unsafe.park(java.base@25.0.3/Native Method)
	- parking to wait for  <0x0000000081931ed8> (a java.util.concurrent.locks.AbstractQueuedSynchronizer$ConditionObject)
	at java.util.concurrent.locks.LockSupport.park(java.base@25.0.3/LockSupport.java:369)
	at java.util.concurrent.locks.AbstractQueuedSynchronizer$ConditionNode.block(java.base@25.0.3/AbstractQueuedSynchronizer.java:520)
	at java.util.concurrent.ForkJoinPool.unmanagedBlock(java.base@25.0.3/ForkJoinPool.java:4364)
	at java.util.concurrent.ForkJoinPool.managedBlock(java.base@25.0.3/ForkJoinPool.java:4310)
	at java.util.concurrent.locks.AbstractQueuedSynchronizer$ConditionObject.await(java.base@25.0.3/AbstractQueuedSynchronizer.java:1752)
	at java.util.concurrent.LinkedBlockingQueue.take(java.base@25.0.3/LinkedBlockingQueue.java:435)
	at java.util.concurrent.ThreadPoolExecutor.getTask(java.base@25.0.3/ThreadPoolExecutor.java:1016)
	at java.util.concurrent.ThreadPoolExecutor.runWorker(java.base@25.0.3/ThreadPoolExecutor.java:1076)
	at java.util.concurrent.ThreadPoolExecutor$Worker.run(java.base@25.0.3/ThreadPoolExecutor.java:614)
	at java.lang.Thread.runWith(java.base@25.0.3/Thread.java:1487)
	at java.lang.Thread.run(java.base@25.0.3/Thread.java:1474)

"Build operations Thread 12" #74 [28008] prio=5 os_prio=0 cpu=4453.12ms elapsed=644.50s tid=0x0000022bcd5ce720 nid=28008 waiting on condition  [0x000000a957cff000]
   java.lang.Thread.State: WAITING (parking)
	at jdk.internal.misc.Unsafe.park(java.base@25.0.3/Native Method)
	- parking to wait for  <0x0000000081931ed8> (a java.util.concurrent.locks.AbstractQueuedSynchronizer$ConditionObject)
	at java.util.concurrent.locks.LockSupport.park(java.base@25.0.3/LockSupport.java:369)
	at java.util.concurrent.locks.AbstractQueuedSynchronizer$ConditionNode.block(java.base@25.0.3/AbstractQueuedSynchronizer.java:520)
	at java.util.concurrent.ForkJoinPool.unmanagedBlock(java.base@25.0.3/ForkJoinPool.java:4364)
	at java.util.concurrent.ForkJoinPool.managedBlock(java.base@25.0.3/ForkJoinPool.java:4310)
	at java.util.concurrent.locks.AbstractQueuedSynchronizer$ConditionObject.await(java.base@25.0.3/AbstractQueuedSynchronizer.java:1752)
	at java.util.concurrent.LinkedBlockingQueue.take(java.base@25.0.3/LinkedBlockingQueue.java:435)
	at java.util.concurrent.ThreadPoolExecutor.getTask(java.base@25.0.3/ThreadPoolExecutor.java:1016)
	at java.util.concurrent.ThreadPoolExecutor.runWorker(java.base@25.0.3/ThreadPoolExecutor.java:1076)
	at java.util.concurrent.ThreadPoolExecutor$Worker.run(java.base@25.0.3/ThreadPoolExecutor.java:614)
	at java.lang.Thread.runWith(java.base@25.0.3/Thread.java:1487)
	at java.lang.Thread.run(java.base@25.0.3/Thread.java:1474)

"Memory manager" #75 [6164] prio=5 os_prio=0 cpu=15.62ms elapsed=643.41s tid=0x0000022bcd5cc010 nid=6164 waiting on condition  [0x000000a9570ff000]
   java.lang.Thread.State: TIMED_WAITING (parking)
	at jdk.internal.misc.Unsafe.park(java.base@25.0.3/Native Method)
	- parking to wait for  <0x0000000082ec4d88> (a java.util.concurrent.locks.AbstractQueuedSynchronizer$ConditionObject)
	at java.util.concurrent.locks.LockSupport.parkNanos(java.base@25.0.3/LockSupport.java:271)
	at java.util.concurrent.locks.AbstractQueuedSynchronizer$ConditionObject.awaitNanos(java.base@25.0.3/AbstractQueuedSynchronizer.java:1803)
	at java.util.concurrent.ScheduledThreadPoolExecutor$DelayedWorkQueue.take(java.base@25.0.3/ScheduledThreadPoolExecutor.java:1166)
	at java.util.concurrent.ScheduledThreadPoolExecutor$DelayedWorkQueue.take(java.base@25.0.3/ScheduledThreadPoolExecutor.java:883)
	at java.util.concurrent.ThreadPoolExecutor.getTask(java.base@25.0.3/ThreadPoolExecutor.java:1016)
	at java.util.concurrent.ThreadPoolExecutor.runWorker(java.base@25.0.3/ThreadPoolExecutor.java:1076)
	at java.util.concurrent.ThreadPoolExecutor$Worker.run(java.base@25.0.3/ThreadPoolExecutor.java:614)
	at java.lang.Thread.runWith(java.base@25.0.3/Thread.java:1487)
	at java.lang.Thread.run(java.base@25.0.3/Thread.java:1474)

"build event listener" #76 [39068] prio=5 os_prio=0 cpu=31.25ms elapsed=642.97s tid=0x0000022bd0c75f40 nid=39068 waiting on condition  [0x000000a957efe000]
   java.lang.Thread.State: WAITING (parking)
	at jdk.internal.misc.Unsafe.park(java.base@25.0.3/Native Method)
	- parking to wait for  <0x0000000082eca078> (a java.util.concurrent.LinkedTransferQueue)
	at java.util.concurrent.locks.LockSupport.park(java.base@25.0.3/LockSupport.java:369)
	at java.util.concurrent.LinkedTransferQueue$DualNode.await(java.base@25.0.3/LinkedTransferQueue.java:458)
	at java.util.concurrent.LinkedTransferQueue.xfer(java.base@25.0.3/LinkedTransferQueue.java:613)
	at java.util.concurrent.LinkedTransferQueue.take(java.base@25.0.3/LinkedTransferQueue.java:1257)
	at org.gradle.internal.build.event.DefaultBuildEventsListenerRegistry$AbstractListener.run(DefaultBuildEventsListenerRegistry.java:220)
	at org.gradle.internal.build.event.DefaultBuildEventsListenerRegistry$AbstractListener$$Lambda/0x000000002aad0410.run(Unknown Source)
	at java.util.concurrent.Executors$RunnableAdapter.call(java.base@25.0.3/Executors.java:545)
	at java.util.concurrent.FutureTask.run(java.base@25.0.3/FutureTask.java:328)
	at org.gradle.internal.concurrent.ExecutorPolicy$CatchAndRecordFailures.onExecute(ExecutorPolicy.java:64)
	at org.gradle.internal.concurrent.AbstractManagedExecutor$1.run(AbstractManagedExecutor.java:47)
	at java.util.concurrent.ThreadPoolExecutor.runWorker(java.base@25.0.3/ThreadPoolExecutor.java:1090)
	at java.util.concurrent.ThreadPoolExecutor$Worker.run(java.base@25.0.3/ThreadPoolExecutor.java:614)
	at java.lang.Thread.runWith(java.base@25.0.3/Thread.java:1487)
	at java.lang.Thread.run(java.base@25.0.3/Thread.java:1474)

"included builds" #77 [37624] prio=5 os_prio=0 cpu=1843.75ms elapsed=638.89s tid=0x0000022bd3aa5960 nid=37624 in Object.wait()  [0x000000a957ffd000]
   java.lang.Thread.State: WAITING (on object monitor)
	at java.lang.Object.wait0(java.base@25.0.3/Native Method)
	- waiting on <no object reference available>
	at java.lang.Object.wait(java.base@25.0.3/Object.java:389)
	at java.lang.Object.wait(java.base@25.0.3/Object.java:351)
	at org.gradle.internal.resources.DefaultResourceLockCoordinationService.withStateLock(DefaultResourceLockCoordinationService.java:109)
	- locked <0x0000000081137c38> (a java.lang.Object)
	at org.gradle.execution.plan.DefaultPlanExecutor$ExecutorWorker.getNextItem(DefaultPlanExecutor.java:399)
	at org.gradle.execution.plan.DefaultPlanExecutor$ExecutorWorker.run(DefaultPlanExecutor.java:370)
	at org.gradle.execution.plan.DefaultPlanExecutor.process(DefaultPlanExecutor.java:111)
	at org.gradle.execution.taskgraph.DefaultTaskExecutionGraph.executeWithServices(DefaultTaskExecutionGraph.java:146)
	at org.gradle.execution.taskgraph.DefaultTaskExecutionGraph.execute(DefaultTaskExecutionGraph.java:131)
	at org.gradle.execution.SelectedTaskExecutionAction.execute(SelectedTaskExecutionAction.java:35)
	at org.gradle.execution.BuildOperationFiringBuildWorkerExecutor$ExecuteTasks.call(BuildOperationFiringBuildWorkerExecutor.java:54)
	at org.gradle.execution.BuildOperationFiringBuildWorkerExecutor$ExecuteTasks.call(BuildOperationFiringBuildWorkerExecutor.java:43)
	at org.gradle.internal.operations.DefaultBuildOperationRunner$CallableBuildOperationWorker.execute(DefaultBuildOperationRunner.java:210)
	at org.gradle.internal.operations.DefaultBuildOperationRunner$CallableBuildOperationWorker.execute(DefaultBuildOperationRunner.java:205)
	at org.gradle.internal.operations.DefaultBuildOperationRunner$2.execute(DefaultBuildOperationRunner.java:67)
	at org.gradle.internal.operations.DefaultBuildOperationRunner$2.execute(DefaultBuildOperationRunner.java:60)
	at org.gradle.internal.operations.DefaultBuildOperationRunner.execute(DefaultBuildOperationRunner.java:167)
	at org.gradle.internal.operations.DefaultBuildOperationRunner.execute(DefaultBuildOperationRunner.java:60)
	at org.gradle.internal.operations.DefaultBuildOperationRunner.call(DefaultBuildOperationRunner.java:54)
	at org.gradle.execution.BuildOperationFiringBuildWorkerExecutor.execute(BuildOperationFiringBuildWorkerExecutor.java:40)
	at org.gradle.internal.build.DefaultBuildLifecycleController.lambda$executeTasks$11(DefaultBuildLifecycleController.java:323)
	at org.gradle.internal.build.DefaultBuildLifecycleController$$Lambda/0x000000002af7bc10.get(Unknown Source)
	at org.gradle.internal.model.StateTransitionController.doTransition(StateTransitionController.java:304)
	at org.gradle.internal.model.StateTransitionController.lambda$tryTransition$9(StateTransitionController.java:215)
	at org.gradle.internal.model.StateTransitionController$$Lambda/0x000000002af7be40.create(Unknown Source)
	at org.gradle.internal.work.DefaultSynchronizer.withLock(DefaultSynchronizer.java:45)
	at org.gradle.internal.model.StateTransitionController.tryTransition(StateTransitionController.java:215)
	at org.gradle.internal.build.DefaultBuildLifecycleController.executeTasks(DefaultBuildLifecycleController.java:314)
	at org.gradle.internal.build.DefaultBuildWorkGraphController$DefaultBuildWorkGraph.runWork(DefaultBuildWorkGraphController.java:220)
	at org.gradle.composite.internal.DefaultBuildController$$Lambda/0x000000002aef4d88.create(Unknown Source)
	at org.gradle.internal.work.DefaultWorkerLeaseService.lambda$withLocksAcquired$0(DefaultWorkerLeaseService.java:280)
	at org.gradle.internal.work.DefaultWorkerLeaseService$$Lambda/0x000000002a298000.create(Unknown Source)
	at org.gradle.internal.work.ResourceLockStatistics$1.measure(ResourceLockStatistics.java:43)
	at org.gradle.internal.work.DefaultWorkerLeaseService.withLocksAcquired(DefaultWorkerLeaseService.java:278)
	at org.gradle.internal.work.DefaultWorkerLeaseService.withLocks(DefaultWorkerLeaseService.java:270)
	at org.gradle.internal.work.DefaultWorkerLeaseService.runAsWorkerThread(DefaultWorkerLeaseService.java:129)
	at org.gradle.composite.internal.DefaultBuildController.doRun(DefaultBuildController.java:182)
	at org.gradle.composite.internal.DefaultBuildController$BuildOpRunnable.lambda$run$0(DefaultBuildController.java:199)
	at org.gradle.composite.internal.DefaultBuildController$BuildOpRunnable$$Lambda/0x000000002aef4b58.run(Unknown Source)
	at org.gradle.internal.operations.CurrentBuildOperationRef.with(CurrentBuildOperationRef.java:84)
	at org.gradle.composite.internal.DefaultBuildController$BuildOpRunnable.run(DefaultBuildController.java:199)
	at java.util.concurrent.Executors$RunnableAdapter.call(java.base@25.0.3/Executors.java:545)
	at java.util.concurrent.FutureTask.run(java.base@25.0.3/FutureTask.java:328)
	at org.gradle.internal.concurrent.ExecutorPolicy$CatchAndRecordFailures.onExecute(ExecutorPolicy.java:64)
	at org.gradle.internal.concurrent.AbstractManagedExecutor$1.run(AbstractManagedExecutor.java:47)
	at java.util.concurrent.ThreadPoolExecutor.runWorker(java.base@25.0.3/ThreadPoolExecutor.java:1090)
	at java.util.concurrent.ThreadPoolExecutor$Worker.run(java.base@25.0.3/ThreadPoolExecutor.java:614)
	at java.lang.Thread.runWith(java.base@25.0.3/Thread.java:1487)
	at java.lang.Thread.run(java.base@25.0.3/Thread.java:1474)

"Execution worker" #78 [13436] prio=5 os_prio=0 cpu=171.88ms elapsed=638.89s tid=0x0000022bd3aa5190 nid=13436 in Object.wait()  [0x000000a9580ff000]
   java.lang.Thread.State: WAITING (on object monitor)
	at java.lang.Object.wait0(java.base@25.0.3/Native Method)
	- waiting on <no object reference available>
	at java.lang.Object.wait(java.base@25.0.3/Object.java:389)
	at java.lang.Object.wait(java.base@25.0.3/Object.java:351)
	at org.gradle.internal.resources.DefaultResourceLockCoordinationService.withStateLock(DefaultResourceLockCoordinationService.java:109)
	- locked <0x0000000081137c38> (a java.lang.Object)
	at org.gradle.execution.plan.DefaultPlanExecutor$ExecutorWorker.getNextItem(DefaultPlanExecutor.java:399)
	at org.gradle.execution.plan.DefaultPlanExecutor$ExecutorWorker.run(DefaultPlanExecutor.java:370)
	at org.gradle.internal.concurrent.ExecutorPolicy$CatchAndRecordFailures.onExecute(ExecutorPolicy.java:64)
	at org.gradle.internal.concurrent.AbstractManagedExecutor$1.run(AbstractManagedExecutor.java:47)
	at java.util.concurrent.ThreadPoolExecutor.runWorker(java.base@25.0.3/ThreadPoolExecutor.java:1090)
	at java.util.concurrent.ThreadPoolExecutor$Worker.run(java.base@25.0.3/ThreadPoolExecutor.java:614)
	at java.lang.Thread.runWith(java.base@25.0.3/Thread.java:1487)
	at java.lang.Thread.run(java.base@25.0.3/Thread.java:1474)

"Execution worker Thread 2" #79 [17124] prio=5 os_prio=0 cpu=1250.00ms elapsed=638.89s tid=0x0000022bd3aa6900 nid=17124 in Object.wait()  [0x000000a9581fe000]
   java.lang.Thread.State: WAITING (on object monitor)
	at java.lang.Object.wait0(java.base@25.0.3/Native Method)
	- waiting on <no object reference available>
	at java.lang.Object.wait(java.base@25.0.3/Object.java:389)
	at java.lang.Object.wait(java.base@25.0.3/Object.java:351)
	at org.gradle.internal.resources.DefaultResourceLockCoordinationService.withStateLock(DefaultResourceLockCoordinationService.java:109)
	- locked <0x0000000081137c38> (a java.lang.Object)
	at org.gradle.execution.plan.DefaultPlanExecutor$ExecutorWorker.getNextItem(DefaultPlanExecutor.java:399)
	at org.gradle.execution.plan.DefaultPlanExecutor$ExecutorWorker.run(DefaultPlanExecutor.java:370)
	at org.gradle.internal.concurrent.ExecutorPolicy$CatchAndRecordFailures.onExecute(ExecutorPolicy.java:64)
	at org.gradle.internal.concurrent.AbstractManagedExecutor$1.run(AbstractManagedExecutor.java:47)
	at java.util.concurrent.ThreadPoolExecutor.runWorker(java.base@25.0.3/ThreadPoolExecutor.java:1090)
	at java.util.concurrent.ThreadPoolExecutor$Worker.run(java.base@25.0.3/ThreadPoolExecutor.java:614)
	at java.lang.Thread.runWith(java.base@25.0.3/Thread.java:1487)
	at java.lang.Thread.run(java.base@25.0.3/Thread.java:1474)

"Execution worker Thread 3" #80 [39436] prio=5 os_prio=0 cpu=1421.88ms elapsed=638.89s tid=0x0000022bd3aa70d0 nid=39436 in Object.wait()  [0x000000a9582fe000]
   java.lang.Thread.State: WAITING (on object monitor)
	at java.lang.Object.wait0(java.base@25.0.3/Native Method)
	- waiting on <no object reference available>
	at java.lang.Object.wait(java.base@25.0.3/Object.java:389)
	at java.lang.Object.wait(java.base@25.0.3/Object.java:351)
	at org.gradle.internal.resources.DefaultResourceLockCoordinationService.withStateLock(DefaultResourceLockCoordinationService.java:109)
	- locked <0x0000000081137c38> (a java.lang.Object)
	at org.gradle.execution.plan.DefaultPlanExecutor$ExecutorWorker.getNextItem(DefaultPlanExecutor.java:399)
	at org.gradle.execution.plan.DefaultPlanExecutor$ExecutorWorker.run(DefaultPlanExecutor.java:370)
	at org.gradle.internal.concurrent.ExecutorPolicy$CatchAndRecordFailures.onExecute(ExecutorPolicy.java:64)
	at org.gradle.internal.concurrent.AbstractManagedExecutor$1.run(AbstractManagedExecutor.java:47)
	at java.util.concurrent.ThreadPoolExecutor.runWorker(java.base@25.0.3/ThreadPoolExecutor.java:1090)
	at java.util.concurrent.ThreadPoolExecutor$Worker.run(java.base@25.0.3/ThreadPoolExecutor.java:614)
	at java.lang.Thread.runWith(java.base@25.0.3/Thread.java:1487)
	at java.lang.Thread.run(java.base@25.0.3/Thread.java:1474)

"Execution worker Thread 4" #81 [23756] prio=5 os_prio=0 cpu=62.50ms elapsed=638.89s tid=0x0000022bd3aa78a0 nid=23756 waiting on condition  [0x000000a9583fa000]
   java.lang.Thread.State: WAITING (parking)
	at jdk.internal.misc.Unsafe.park(java.base@25.0.3/Native Method)
	- parking to wait for  <0x000000008d4ca928> (a java.util.concurrent.CountDownLatch$Sync)
	at java.util.concurrent.locks.LockSupport.park(java.base@25.0.3/LockSupport.java:223)
	at java.util.concurrent.locks.AbstractQueuedSynchronizer.acquire(java.base@25.0.3/AbstractQueuedSynchronizer.java:790)
	at java.util.concurrent.locks.AbstractQueuedSynchronizer.acquireSharedInterruptibly(java.base@25.0.3/AbstractQueuedSynchronizer.java:1139)
	at java.util.concurrent.CountDownLatch.await(java.base@25.0.3/CountDownLatch.java:230)
	at org.gradle.internal.work.AbstractConditionalExecution.await(AbstractConditionalExecution.java:45)
	at org.gradle.workers.internal.DefaultWorkerExecutor$WorkItemExecution.waitForCompletion(DefaultWorkerExecutor.java:276)
	at org.gradle.internal.work.DefaultAsyncWorkTracker.lambda$waitForItemsAndGatherFailures$2(DefaultAsyncWorkTracker.java:132)
	at org.gradle.internal.work.DefaultAsyncWorkTracker$$Lambda/0x000000002afea440.run(Unknown Source)
	at org.gradle.internal.Factories$1.create(Factories.java:30)
	at org.gradle.internal.work.DefaultWorkerLeaseService.lambda$withoutLocksBlocking$3(DefaultWorkerLeaseService.java:390)
	at org.gradle.internal.work.DefaultWorkerLeaseService$$Lambda/0x000000002a9474d8.create(Unknown Source)
	at org.gradle.internal.work.ResourceLockStatistics$1.measure(ResourceLockStatistics.java:43)
	at org.gradle.internal.work.DefaultWorkerLeaseService.withoutLocksBlocking(DefaultWorkerLeaseService.java:385)
	at org.gradle.internal.work.DefaultWorkerLeaseService.blocking(DefaultWorkerLeaseService.java:239)
	at org.gradle.internal.work.DefaultWorkerLeaseService.blocking(DefaultWorkerLeaseService.java:221)
	at org.gradle.internal.work.DefaultAsyncWorkTracker.lambda$waitForItemsAndGatherFailures$3(DefaultAsyncWorkTracker.java:128)
	at org.gradle.internal.work.DefaultAsyncWorkTracker$$Lambda/0x000000002afea210.run(Unknown Source)
	at org.gradle.internal.Factories$1.create(Factories.java:30)
	at org.gradle.internal.resources.AbstractResourceLockRegistry.whileDisallowingLockChanges(AbstractResourceLockRegistry.java:50)
	at org.gradle.internal.work.DefaultWorkerLeaseService.whileDisallowingProjectLockChanges(DefaultWorkerLeaseService.java:244)
	at org.gradle.internal.work.DefaultAsyncWorkTracker.waitForItemsAndGatherFailures(DefaultAsyncWorkTracker.java:127)
	at org.gradle.internal.work.DefaultAsyncWorkTracker.waitForItemsAndGatherFailures(DefaultAsyncWorkTracker.java:93)
	at org.gradle.internal.work.DefaultAsyncWorkTracker.waitForAll(DefaultAsyncWorkTracker.java:79)
	at org.gradle.internal.work.DefaultAsyncWorkTracker.waitForCompletion(DefaultAsyncWorkTracker.java:67)
	at org.gradle.api.internal.tasks.execution.TaskExecution$3.run(TaskExecution.java:267)
	at org.gradle.internal.operations.DefaultBuildOperationRunner$1.execute(DefaultBuildOperationRunner.java:30)
	at org.gradle.internal.operations.DefaultBuildOperationRunner$1.execute(DefaultBuildOperationRunner.java:27)
	at org.gradle.internal.operations.DefaultBuildOperationRunner$2.execute(DefaultBuildOperationRunner.java:67)
	at org.gradle.internal.operations.DefaultBuildOperationRunner$2.execute(DefaultBuildOperationRunner.java:60)
	at org.gradle.internal.operations.DefaultBuildOperationRunner.execute(DefaultBuildOperationRunner.java:167)
	at org.gradle.internal.operations.DefaultBuildOperationRunner.execute(DefaultBuildOperationRunner.java:60)
	at org.gradle.internal.operations.DefaultBuildOperationRunner.run(DefaultBuildOperationRunner.java:48)
	at org.gradle.api.internal.tasks.execution.TaskExecution.executeAction(TaskExecution.java:244)
	at org.gradle.api.internal.tasks.execution.TaskExecution.executeActions(TaskExecution.java:227)
	at org.gradle.api.internal.tasks.execution.TaskExecution.executeWithPreviousOutputFiles(TaskExecution.java:210)
	at org.gradle.api.internal.tasks.execution.TaskExecution.execute(TaskExecution.java:176)
	at org.gradle.internal.execution.steps.ExecuteStep.executeInternal(ExecuteStep.java:167)
	at org.gradle.internal.execution.steps.ExecuteStep.access$000(ExecuteStep.java:47)
	at org.gradle.internal.execution.steps.ExecuteStep$1.call(ExecuteStep.java:137)
	at org.gradle.internal.execution.steps.ExecuteStep$1.call(ExecuteStep.java:134)
	at org.gradle.internal.operations.DefaultBuildOperationRunner$CallableBuildOperationWorker.execute(DefaultBuildOperationRunner.java:210)
	at org.gradle.internal.operations.DefaultBuildOperationRunner$CallableBuildOperationWorker.execute(DefaultBuildOperationRunner.java:205)
	at org.gradle.internal.operations.DefaultBuildOperationRunner$2.execute(DefaultBuildOperationRunner.java:67)
	at org.gradle.internal.operations.DefaultBuildOperationRunner$2.execute(DefaultBuildOperationRunner.java:60)
	at org.gradle.internal.operations.DefaultBuildOperationRunner.execute(DefaultBuildOperationRunner.java:167)
	at org.gradle.internal.operations.DefaultBuildOperationRunner.execute(DefaultBuildOperationRunner.java:60)
	at org.gradle.internal.operations.DefaultBuildOperationRunner.call(DefaultBuildOperationRunner.java:54)
	at org.gradle.internal.execution.steps.ExecuteStep.execute(ExecuteStep.java:134)
	at org.gradle.internal.execution.steps.ExecuteStep$Mutable.execute(ExecuteStep.java:80)
	at org.gradle.internal.execution.steps.CancelExecutionStep.execute(CancelExecutionStep.java:42)
	at org.gradle.internal.execution.steps.TimeoutStep.executeWithoutTimeout(TimeoutStep.java:75)
	at org.gradle.internal.execution.steps.TimeoutStep.execute(TimeoutStep.java:55)
	at org.gradle.internal.execution.steps.PreCreateOutputParentsStep.execute(PreCreateOutputParentsStep.java:51)
	at org.gradle.internal.execution.steps.PreCreateOutputParentsStep.execute(PreCreateOutputParentsStep.java:29)
	at org.gradle.internal.execution.steps.RemovePreviousOutputsStep.executeMutable(RemovePreviousOutputsStep.java:67)
	at org.gradle.internal.execution.steps.RemovePreviousOutputsStep.executeMutable(RemovePreviousOutputsStep.java:39)
	at org.gradle.internal.execution.steps.MutableStep.execute(MutableStep.java:26)
	at org.gradle.internal.execution.steps.BroadcastChangingOutputsStep.execute(BroadcastChangingOutputsStep.java:42)
	at org.gradle.internal.execution.steps.BroadcastChangingOutputsStep.execute(BroadcastChangingOutputsStep.java:24)
	at org.gradle.internal.execution.steps.CaptureOutputsAfterExecutionStep.execute(CaptureOutputsAfterExecutionStep.java:69)
	at org.gradle.internal.execution.steps.CaptureOutputsAfterExecutionStep.execute(CaptureOutputsAfterExecutionStep.java:46)
	at org.gradle.internal.execution.steps.ResolveInputChangesStep.executeMutable(ResolveInputChangesStep.java:39)
	at org.gradle.internal.execution.steps.ResolveInputChangesStep.executeMutable(ResolveInputChangesStep.java:28)
	at org.gradle.internal.execution.steps.MutableStep.execute(MutableStep.java:26)
	at org.gradle.internal.execution.steps.BuildCacheStep.executeWithoutCache(BuildCacheStep.java:189)
	at org.gradle.internal.execution.steps.BuildCacheStep.lambda$execute$1(BuildCacheStep.java:76)
	at org.gradle.internal.execution.steps.BuildCacheStep$$Lambda/0x000000002afe4d80.apply(Unknown Source)
	at org.gradle.internal.Either$Right.fold(Either.java:176)
	at org.gradle.internal.execution.caching.CachingState.fold(CachingState.java:62)
	at org.gradle.internal.execution.steps.BuildCacheStep.execute(BuildCacheStep.java:74)
	at org.gradle.internal.execution.steps.BuildCacheStep.execute(BuildCacheStep.java:49)
	at org.gradle.internal.execution.steps.StoreExecutionStateStep.executeMutable(StoreExecutionStateStep.java:46)
	at org.gradle.internal.execution.steps.StoreExecutionStateStep.executeMutable(StoreExecutionStateStep.java:35)
	at org.gradle.internal.execution.steps.MutableStep.execute(MutableStep.java:26)
	at org.gradle.internal.execution.steps.SkipUpToDateStep.executeBecause(SkipUpToDateStep.java:75)
	at org.gradle.internal.execution.steps.SkipUpToDateStep.lambda$execute$2(SkipUpToDateStep.java:53)
	at org.gradle.internal.execution.steps.SkipUpToDateStep$$Lambda/0x000000002afc1700.get(Unknown Source)
	at java.util.Optional.orElseGet(java.base@25.0.3/Optional.java:364)
	at org.gradle.internal.execution.steps.SkipUpToDateStep.execute(SkipUpToDateStep.java:53)
	at org.gradle.internal.execution.steps.SkipUpToDateStep.execute(SkipUpToDateStep.java:35)
	at org.gradle.internal.execution.steps.legacy.MarkSnapshottingInputsFinishedStep.execute(MarkSnapshottingInputsFinishedStep.java:37)
	at org.gradle.internal.execution.steps.legacy.MarkSnapshottingInputsFinishedStep.execute(MarkSnapshottingInputsFinishedStep.java:27)
	at org.gradle.internal.execution.steps.ResolveMutableCachingStateStep.executeDelegate(ResolveMutableCachingStateStep.java:70)
	at org.gradle.internal.execution.steps.ResolveMutableCachingStateStep.executeDelegate(ResolveMutableCachingStateStep.java:32)
	at org.gradle.internal.execution.steps.AbstractResolveCachingStateStep.execute(AbstractResolveCachingStateStep.java:69)
	at org.gradle.internal.execution.steps.AbstractResolveCachingStateStep.execute(AbstractResolveCachingStateStep.java:37)
	at org.gradle.internal.execution.steps.ResolveChangesStep.executeMutable(ResolveChangesStep.java:63)
	at org.gradle.internal.execution.steps.ResolveChangesStep.executeMutable(ResolveChangesStep.java:34)
	at org.gradle.internal.execution.steps.MutableStep.execute(MutableStep.java:26)
	at org.gradle.internal.execution.steps.ValidateStep$Mutable.executeDelegate(ValidateStep.java:79)
	at org.gradle.internal.execution.steps.ValidateStep$Mutable.executeDelegate(ValidateStep.java:65)
	at org.gradle.internal.execution.steps.ValidateStep.execute(ValidateStep.java:99)
	at org.gradle.internal.execution.steps.ValidateStep$Mutable.execute(ValidateStep.java:65)
	at org.gradle.internal.execution.steps.CaptureMutableStateBeforeExecutionStep.executeMutable(CaptureMutableStateBeforeExecutionStep.java:86)
	at org.gradle.internal.execution.steps.CaptureMutableStateBeforeExecutionStep.execute(CaptureMutableStateBeforeExecutionStep.java:65)
	at org.gradle.internal.execution.steps.CaptureMutableStateBeforeExecutionStep.execute(CaptureMutableStateBeforeExecutionStep.java:45)
	at org.gradle.internal.execution.steps.SkipEmptyMutableWorkStep.executeWithNonEmptySources(SkipEmptyMutableWorkStep.java:210)
	at org.gradle.internal.execution.steps.SkipEmptyMutableWorkStep.executeMutable(SkipEmptyMutableWorkStep.java:85)
	at org.gradle.internal.execution.steps.SkipEmptyMutableWorkStep.executeMutable(SkipEmptyMutableWorkStep.java:53)
	at org.gradle.internal.execution.steps.MutableStep.execute(MutableStep.java:26)
	at org.gradle.internal.execution.steps.legacy.MarkSnapshottingInputsStartedStep.execute(MarkSnapshottingInputsStartedStep.java:38)
	at org.gradle.internal.execution.steps.LoadPreviousExecutionStateStep.executeMutable(LoadPreviousExecutionStateStep.java:36)
	at org.gradle.internal.execution.steps.LoadPreviousExecutionStateStep.executeMutable(LoadPreviousExecutionStateStep.java:23)
	at org.gradle.internal.execution.steps.MutableStep.execute(MutableStep.java:26)
	at org.gradle.internal.execution.steps.HandleStaleOutputsStep.executeMutable(HandleStaleOutputsStep.java:77)
	at org.gradle.internal.execution.steps.HandleStaleOutputsStep.executeMutable(HandleStaleOutputsStep.java:43)
	at org.gradle.internal.execution.steps.MutableStep.execute(MutableStep.java:26)
	at org.gradle.internal.execution.steps.AssignMutableWorkspaceStep.lambda$executeMutable$0(AssignMutableWorkspaceStep.java:34)
	at org.gradle.internal.execution.steps.AssignMutableWorkspaceStep$$Lambda/0x000000002afa88e8.executeInWorkspace(Unknown Source)
	at org.gradle.api.internal.tasks.execution.TaskExecution$4.withWorkspace(TaskExecution.java:305)
	at org.gradle.internal.execution.steps.AssignMutableWorkspaceStep.executeMutable(AssignMutableWorkspaceStep.java:30)
	at org.gradle.internal.execution.steps.AssignMutableWorkspaceStep.executeMutable(AssignMutableWorkspaceStep.java:21)
	at org.gradle.internal.execution.steps.MutableStep.execute(MutableStep.java:26)
	at org.gradle.internal.execution.steps.ChoosePipelineStep.execute(ChoosePipelineStep.java:40)
	at org.gradle.internal.execution.steps.ChoosePipelineStep.execute(ChoosePipelineStep.java:23)
	at org.gradle.internal.execution.steps.ExecuteWorkBuildOperationFiringStep.lambda$execute$2(ExecuteWorkBuildOperationFiringStep.java:67)
	at org.gradle.internal.execution.steps.ExecuteWorkBuildOperationFiringStep$$Lambda/0x000000002a55b750.get(Unknown Source)
	at java.util.Optional.orElseGet(java.base@25.0.3/Optional.java:364)
	at org.gradle.internal.execution.steps.ExecuteWorkBuildOperationFiringStep.execute(ExecuteWorkBuildOperationFiringStep.java:67)
	at org.gradle.internal.execution.steps.ExecuteWorkBuildOperationFiringStep.execute(ExecuteWorkBuildOperationFiringStep.java:39)
	at org.gradle.internal.execution.steps.IdentityCacheStep.execute(IdentityCacheStep.java:46)
	at org.gradle.internal.execution.steps.IdentityCacheStep.execute(IdentityCacheStep.java:34)
	at org.gradle.internal.execution.steps.IdentifyStep.execute(IdentifyStep.java:56)
	at org.gradle.internal.execution.steps.IdentifyStep.execute(IdentifyStep.java:38)
	at org.gradle.internal.execution.impl.DefaultExecutionEngine$1.execute(DefaultExecutionEngine.java:68)
	at org.gradle.api.internal.tasks.execution.ExecuteActionsTaskExecuter.executeIfValid(ExecuteActionsTaskExecuter.java:132)
	at org.gradle.api.internal.tasks.execution.ExecuteActionsTaskExecuter.execute(ExecuteActionsTaskExecuter.java:121)
	at org.gradle.api.internal.tasks.execution.ProblemsTaskPathTrackingTaskExecuter.execute(ProblemsTaskPathTrackingTaskExecuter.java:41)
	at org.gradle.api.internal.tasks.execution.ResolveTaskExecutionModeExecuter.execute(ResolveTaskExecutionModeExecuter.java:51)
	at org.gradle.api.internal.tasks.execution.FinalizePropertiesTaskExecuter.execute(FinalizePropertiesTaskExecuter.java:46)
	at org.gradle.api.internal.tasks.execution.SkipTaskWithNoActionsExecuter.execute(SkipTaskWithNoActionsExecuter.java:57)
	at org.gradle.api.internal.tasks.execution.SkipOnlyIfTaskExecuter.execute(SkipOnlyIfTaskExecuter.java:74)
	at org.gradle.api.internal.tasks.execution.CatchExceptionTaskExecuter.execute(CatchExceptionTaskExecuter.java:36)
	at org.gradle.api.internal.tasks.execution.EventFiringTaskExecuter$1.executeTask(EventFiringTaskExecuter.java:77)
	at org.gradle.api.internal.tasks.execution.EventFiringTaskExecuter$1.call(EventFiringTaskExecuter.java:55)
	at org.gradle.api.internal.tasks.execution.EventFiringTaskExecuter$1.call(EventFiringTaskExecuter.java:52)
	at org.gradle.internal.operations.DefaultBuildOperationRunner$CallableBuildOperationWorker.execute(DefaultBuildOperationRunner.java:210)
	at org.gradle.internal.operations.DefaultBuildOperationRunner$CallableBuildOperationWorker.execute(DefaultBuildOperationRunner.java:205)
	at org.gradle.internal.operations.DefaultBuildOperationRunner$2.execute(DefaultBuildOperationRunner.java:67)
	at org.gradle.internal.operations.DefaultBuildOperationRunner$2.execute(DefaultBuildOperationRunner.java:60)
	at org.gradle.internal.operations.DefaultBuildOperationRunner.execute(DefaultBuildOperationRunner.java:167)
	at org.gradle.internal.operations.DefaultBuildOperationRunner.execute(DefaultBuildOperationRunner.java:60)
	at org.gradle.internal.operations.DefaultBuildOperationRunner.call(DefaultBuildOperationRunner.java:54)
	at org.gradle.api.internal.tasks.execution.EventFiringTaskExecuter.execute(EventFiringTaskExecuter.java:52)
	at org.gradle.execution.plan.DefaultNodeExecutor.executeLocalTaskNode(DefaultNodeExecutor.java:55)
	at org.gradle.execution.plan.DefaultNodeExecutor.execute(DefaultNodeExecutor.java:34)
	at org.gradle.execution.taskgraph.DefaultTaskExecutionGraph$InvokeNodeExecutorsAction.execute(DefaultTaskExecutionGraph.java:355)
	at org.gradle.execution.taskgraph.DefaultTaskExecutionGraph$InvokeNodeExecutorsAction.execute(DefaultTaskExecutionGraph.java:343)
	at org.gradle.execution.taskgraph.DefaultTaskExecutionGraph$BuildOperationAwareExecutionAction.lambda$execute$0(DefaultTaskExecutionGraph.java:339)
	at org.gradle.execution.taskgraph.DefaultTaskExecutionGraph$BuildOperationAwareExecutionAction$$Lambda/0x000000002af84218.run(Unknown Source)
	at org.gradle.internal.operations.CurrentBuildOperationRef.with(CurrentBuildOperationRef.java:84)
	at org.gradle.execution.taskgraph.DefaultTaskExecutionGraph$BuildOperationAwareExecutionAction.execute(DefaultTaskExecutionGraph.java:339)
	at org.gradle.execution.taskgraph.DefaultTaskExecutionGraph$BuildOperationAwareExecutionAction.execute(DefaultTaskExecutionGraph.java:328)
	at org.gradle.execution.plan.DefaultPlanExecutor$ExecutorWorker.execute(DefaultPlanExecutor.java:459)
	at org.gradle.execution.plan.DefaultPlanExecutor$ExecutorWorker.run(DefaultPlanExecutor.java:376)
	at org.gradle.internal.concurrent.ExecutorPolicy$CatchAndRecordFailures.onExecute(ExecutorPolicy.java:64)
	at org.gradle.internal.concurrent.AbstractManagedExecutor$1.run(AbstractManagedExecutor.java:47)
	at java.util.concurrent.ThreadPoolExecutor.runWorker(java.base@25.0.3/ThreadPoolExecutor.java:1090)
	at java.util.concurrent.ThreadPoolExecutor$Worker.run(java.base@25.0.3/ThreadPoolExecutor.java:614)
	at java.lang.Thread.runWith(java.base@25.0.3/Thread.java:1487)
	at java.lang.Thread.run(java.base@25.0.3/Thread.java:1474)

"Execution worker Thread 5" #82 [28184] prio=5 os_prio=0 cpu=406.25ms elapsed=638.90s tid=0x0000022bd3aa8070 nid=28184 in Object.wait()  [0x000000a9584fe000]
   java.lang.Thread.State: WAITING (on object monitor)
	at java.lang.Object.wait0(java.base@25.0.3/Native Method)
	- waiting on <no object reference available>
	at java.lang.Object.wait(java.base@25.0.3/Object.java:389)
	at java.lang.Object.wait(java.base@25.0.3/Object.java:351)
	at org.gradle.internal.resources.DefaultResourceLockCoordinationService.withStateLock(DefaultResourceLockCoordinationService.java:109)
	- locked <0x0000000081137c38> (a java.lang.Object)
	at org.gradle.execution.plan.DefaultPlanExecutor$ExecutorWorker.getNextItem(DefaultPlanExecutor.java:399)
	at org.gradle.execution.plan.DefaultPlanExecutor$ExecutorWorker.run(DefaultPlanExecutor.java:370)
	at org.gradle.internal.concurrent.ExecutorPolicy$CatchAndRecordFailures.onExecute(ExecutorPolicy.java:64)
	at org.gradle.internal.concurrent.AbstractManagedExecutor$1.run(AbstractManagedExecutor.java:47)
	at java.util.concurrent.ThreadPoolExecutor.runWorker(java.base@25.0.3/ThreadPoolExecutor.java:1090)
	at java.util.concurrent.ThreadPoolExecutor$Worker.run(java.base@25.0.3/ThreadPoolExecutor.java:614)
	at java.lang.Thread.runWith(java.base@25.0.3/Thread.java:1487)
	at java.lang.Thread.run(java.base@25.0.3/Thread.java:1474)

"Execution worker Thread 6" #83 [19960] prio=5 os_prio=0 cpu=4359.38ms elapsed=638.90s tid=0x0000022bd3aa9fb0 nid=19960 in Object.wait()  [0x000000a9585ff000]
   java.lang.Thread.State: WAITING (on object monitor)
	at java.lang.Object.wait0(java.base@25.0.3/Native Method)
	- waiting on <no object reference available>
	at java.lang.Object.wait(java.base@25.0.3/Object.java:389)
	at java.lang.Object.wait(java.base@25.0.3/Object.java:351)
	at org.gradle.internal.resources.DefaultResourceLockCoordinationService.withStateLock(DefaultResourceLockCoordinationService.java:109)
	- locked <0x0000000081137c38> (a java.lang.Object)
	at org.gradle.execution.plan.DefaultPlanExecutor$ExecutorWorker.getNextItem(DefaultPlanExecutor.java:399)
	at org.gradle.execution.plan.DefaultPlanExecutor$ExecutorWorker.run(DefaultPlanExecutor.java:370)
	at org.gradle.internal.concurrent.ExecutorPolicy$CatchAndRecordFailures.onExecute(ExecutorPolicy.java:64)
	at org.gradle.internal.concurrent.AbstractManagedExecutor$1.run(AbstractManagedExecutor.java:47)
	at java.util.concurrent.ThreadPoolExecutor.runWorker(java.base@25.0.3/ThreadPoolExecutor.java:1090)
	at java.util.concurrent.ThreadPoolExecutor$Worker.run(java.base@25.0.3/ThreadPoolExecutor.java:614)
	at java.lang.Thread.runWith(java.base@25.0.3/Thread.java:1487)
	at java.lang.Thread.run(java.base@25.0.3/Thread.java:1474)

"Execution worker Thread 7" #84 [27504] prio=5 os_prio=0 cpu=468.75ms elapsed=638.90s tid=0x0000022bd3aaa780 nid=27504 waiting on condition  [0x000000a9586fb000]
   java.lang.Thread.State: WAITING (parking)
	at jdk.internal.misc.Unsafe.park(java.base@25.0.3/Native Method)
	- parking to wait for  <0x00000000a06d4f28> (a java.util.concurrent.CountDownLatch$Sync)
	at java.util.concurrent.locks.LockSupport.park(java.base@25.0.3/LockSupport.java:223)
	at java.util.concurrent.locks.AbstractQueuedSynchronizer.acquire(java.base@25.0.3/AbstractQueuedSynchronizer.java:790)
	at java.util.concurrent.locks.AbstractQueuedSynchronizer.acquireSharedInterruptibly(java.base@25.0.3/AbstractQueuedSynchronizer.java:1139)
	at java.util.concurrent.CountDownLatch.await(java.base@25.0.3/CountDownLatch.java:230)
	at org.gradle.internal.work.AbstractConditionalExecution.await(AbstractConditionalExecution.java:45)
	at org.gradle.workers.internal.DefaultWorkerExecutor$WorkItemExecution.waitForCompletion(DefaultWorkerExecutor.java:276)
	at org.gradle.internal.work.DefaultAsyncWorkTracker.lambda$waitForItemsAndGatherFailures$2(DefaultAsyncWorkTracker.java:132)
	at org.gradle.internal.work.DefaultAsyncWorkTracker$$Lambda/0x000000002afea440.run(Unknown Source)
	at org.gradle.internal.Factories$1.create(Factories.java:30)
	at org.gradle.internal.work.DefaultWorkerLeaseService.lambda$withoutLocksBlocking$3(DefaultWorkerLeaseService.java:390)
	at org.gradle.internal.work.DefaultWorkerLeaseService$$Lambda/0x000000002a9474d8.create(Unknown Source)
	at org.gradle.internal.work.ResourceLockStatistics$1.measure(ResourceLockStatistics.java:43)
	at org.gradle.internal.work.DefaultWorkerLeaseService.withoutLocksBlocking(DefaultWorkerLeaseService.java:385)
	at org.gradle.internal.work.DefaultWorkerLeaseService.blocking(DefaultWorkerLeaseService.java:239)
	at org.gradle.internal.work.DefaultWorkerLeaseService.blocking(DefaultWorkerLeaseService.java:221)
	at org.gradle.internal.work.DefaultAsyncWorkTracker.lambda$waitForItemsAndGatherFailures$3(DefaultAsyncWorkTracker.java:128)
	at org.gradle.internal.work.DefaultAsyncWorkTracker$$Lambda/0x000000002afea210.run(Unknown Source)
	at org.gradle.internal.Factories$1.create(Factories.java:30)
	at org.gradle.internal.resources.AbstractResourceLockRegistry.whileDisallowingLockChanges(AbstractResourceLockRegistry.java:50)
	at org.gradle.internal.work.DefaultWorkerLeaseService.whileDisallowingProjectLockChanges(DefaultWorkerLeaseService.java:244)
	at org.gradle.internal.work.DefaultAsyncWorkTracker.waitForItemsAndGatherFailures(DefaultAsyncWorkTracker.java:127)
	at org.gradle.internal.work.DefaultAsyncWorkTracker.waitForItemsAndGatherFailures(DefaultAsyncWorkTracker.java:93)
	at org.gradle.internal.work.DefaultAsyncWorkTracker.waitForAll(DefaultAsyncWorkTracker.java:79)
	at org.gradle.internal.work.DefaultAsyncWorkTracker.waitForCompletion(DefaultAsyncWorkTracker.java:67)
	at org.gradle.api.internal.tasks.execution.TaskExecution$3.run(TaskExecution.java:267)
	at org.gradle.internal.operations.DefaultBuildOperationRunner$1.execute(DefaultBuildOperationRunner.java:30)
	at org.gradle.internal.operations.DefaultBuildOperationRunner$1.execute(DefaultBuildOperationRunner.java:27)
	at org.gradle.internal.operations.DefaultBuildOperationRunner$2.execute(DefaultBuildOperationRunner.java:67)
	at org.gradle.internal.operations.DefaultBuildOperationRunner$2.execute(DefaultBuildOperationRunner.java:60)
	at org.gradle.internal.operations.DefaultBuildOperationRunner.execute(DefaultBuildOperationRunner.java:167)
	at org.gradle.internal.operations.DefaultBuildOperationRunner.execute(DefaultBuildOperationRunner.java:60)
	at org.gradle.internal.operations.DefaultBuildOperationRunner.run(DefaultBuildOperationRunner.java:48)
	at org.gradle.api.internal.tasks.execution.TaskExecution.executeAction(TaskExecution.java:244)
	at org.gradle.api.internal.tasks.execution.TaskExecution.executeActions(TaskExecution.java:227)
	at org.gradle.api.internal.tasks.execution.TaskExecution.executeWithPreviousOutputFiles(TaskExecution.java:210)
	at org.gradle.api.internal.tasks.execution.TaskExecution.execute(TaskExecution.java:176)
	at org.gradle.internal.execution.steps.ExecuteStep.executeInternal(ExecuteStep.java:167)
	at org.gradle.internal.execution.steps.ExecuteStep.access$000(ExecuteStep.java:47)
	at org.gradle.internal.execution.steps.ExecuteStep$1.call(ExecuteStep.java:137)
	at org.gradle.internal.execution.steps.ExecuteStep$1.call(ExecuteStep.java:134)
	at org.gradle.internal.operations.DefaultBuildOperationRunner$CallableBuildOperationWorker.execute(DefaultBuildOperationRunner.java:210)
	at org.gradle.internal.operations.DefaultBuildOperationRunner$CallableBuildOperationWorker.execute(DefaultBuildOperationRunner.java:205)
	at org.gradle.internal.operations.DefaultBuildOperationRunner$2.execute(DefaultBuildOperationRunner.java:67)
	at org.gradle.internal.operations.DefaultBuildOperationRunner$2.execute(DefaultBuildOperationRunner.java:60)
	at org.gradle.internal.operations.DefaultBuildOperationRunner.execute(DefaultBuildOperationRunner.java:167)
	at org.gradle.internal.operations.DefaultBuildOperationRunner.execute(DefaultBuildOperationRunner.java:60)
	at org.gradle.internal.operations.DefaultBuildOperationRunner.call(DefaultBuildOperationRunner.java:54)
	at org.gradle.internal.execution.steps.ExecuteStep.execute(ExecuteStep.java:134)
	at org.gradle.internal.execution.steps.ExecuteStep$Mutable.execute(ExecuteStep.java:80)
	at org.gradle.internal.execution.steps.CancelExecutionStep.execute(CancelExecutionStep.java:42)
	at org.gradle.internal.execution.steps.TimeoutStep.executeWithoutTimeout(TimeoutStep.java:75)
	at org.gradle.internal.execution.steps.TimeoutStep.execute(TimeoutStep.java:55)
	at org.gradle.internal.execution.steps.PreCreateOutputParentsStep.execute(PreCreateOutputParentsStep.java:51)
	at org.gradle.internal.execution.steps.PreCreateOutputParentsStep.execute(PreCreateOutputParentsStep.java:29)
	at org.gradle.internal.execution.steps.RemovePreviousOutputsStep.executeMutable(RemovePreviousOutputsStep.java:67)
	at org.gradle.internal.execution.steps.RemovePreviousOutputsStep.executeMutable(RemovePreviousOutputsStep.java:39)
	at org.gradle.internal.execution.steps.MutableStep.execute(MutableStep.java:26)
	at org.gradle.internal.execution.steps.BroadcastChangingOutputsStep.execute(BroadcastChangingOutputsStep.java:42)
	at org.gradle.internal.execution.steps.BroadcastChangingOutputsStep.execute(BroadcastChangingOutputsStep.java:24)
	at org.gradle.internal.execution.steps.CaptureOutputsAfterExecutionStep.execute(CaptureOutputsAfterExecutionStep.java:69)
	at org.gradle.internal.execution.steps.CaptureOutputsAfterExecutionStep.execute(CaptureOutputsAfterExecutionStep.java:46)
	at org.gradle.internal.execution.steps.ResolveInputChangesStep.executeMutable(ResolveInputChangesStep.java:39)
	at org.gradle.internal.execution.steps.ResolveInputChangesStep.executeMutable(ResolveInputChangesStep.java:28)
	at org.gradle.internal.execution.steps.MutableStep.execute(MutableStep.java:26)
	at org.gradle.internal.execution.steps.BuildCacheStep.executeWithoutCache(BuildCacheStep.java:189)
	at org.gradle.internal.execution.steps.BuildCacheStep.lambda$execute$1(BuildCacheStep.java:76)
	at org.gradle.internal.execution.steps.BuildCacheStep$$Lambda/0x000000002afe4d80.apply(Unknown Source)
	at org.gradle.internal.Either$Right.fold(Either.java:176)
	at org.gradle.internal.execution.caching.CachingState.fold(CachingState.java:62)
	at org.gradle.internal.execution.steps.BuildCacheStep.execute(BuildCacheStep.java:74)
	at org.gradle.internal.execution.steps.BuildCacheStep.execute(BuildCacheStep.java:49)
	at org.gradle.internal.execution.steps.StoreExecutionStateStep.executeMutable(StoreExecutionStateStep.java:46)
	at org.gradle.internal.execution.steps.StoreExecutionStateStep.executeMutable(StoreExecutionStateStep.java:35)
	at org.gradle.internal.execution.steps.MutableStep.execute(MutableStep.java:26)
	at org.gradle.internal.execution.steps.SkipUpToDateStep.executeBecause(SkipUpToDateStep.java:75)
	at org.gradle.internal.execution.steps.SkipUpToDateStep.lambda$execute$2(SkipUpToDateStep.java:53)
	at org.gradle.internal.execution.steps.SkipUpToDateStep$$Lambda/0x000000002afc1700.get(Unknown Source)
	at java.util.Optional.orElseGet(java.base@25.0.3/Optional.java:364)
	at org.gradle.internal.execution.steps.SkipUpToDateStep.execute(SkipUpToDateStep.java:53)
	at org.gradle.internal.execution.steps.SkipUpToDateStep.execute(SkipUpToDateStep.java:35)
	at org.gradle.internal.execution.steps.legacy.MarkSnapshottingInputsFinishedStep.execute(MarkSnapshottingInputsFinishedStep.java:37)
	at org.gradle.internal.execution.steps.legacy.MarkSnapshottingInputsFinishedStep.execute(MarkSnapshottingInputsFinishedStep.java:27)
	at org.gradle.internal.execution.steps.ResolveMutableCachingStateStep.executeDelegate(ResolveMutableCachingStateStep.java:70)
	at org.gradle.internal.execution.steps.ResolveMutableCachingStateStep.executeDelegate(ResolveMutableCachingStateStep.java:32)
	at org.gradle.internal.execution.steps.AbstractResolveCachingStateStep.execute(AbstractResolveCachingStateStep.java:69)
	at org.gradle.internal.execution.steps.AbstractResolveCachingStateStep.execute(AbstractResolveCachingStateStep.java:37)
	at org.gradle.internal.execution.steps.ResolveChangesStep.executeMutable(ResolveChangesStep.java:63)
	at org.gradle.internal.execution.steps.ResolveChangesStep.executeMutable(ResolveChangesStep.java:34)
	at org.gradle.internal.execution.steps.MutableStep.execute(MutableStep.java:26)
	at org.gradle.internal.execution.steps.ValidateStep$Mutable.executeDelegate(ValidateStep.java:79)
	at org.gradle.internal.execution.steps.ValidateStep$Mutable.executeDelegate(ValidateStep.java:65)
	at org.gradle.internal.execution.steps.ValidateStep.execute(ValidateStep.java:99)
	at org.gradle.internal.execution.steps.ValidateStep$Mutable.execute(ValidateStep.java:65)
	at org.gradle.internal.execution.steps.CaptureMutableStateBeforeExecutionStep.executeMutable(CaptureMutableStateBeforeExecutionStep.java:86)
	at org.gradle.internal.execution.steps.CaptureMutableStateBeforeExecutionStep.execute(CaptureMutableStateBeforeExecutionStep.java:65)
	at org.gradle.internal.execution.steps.CaptureMutableStateBeforeExecutionStep.execute(CaptureMutableStateBeforeExecutionStep.java:45)
	at org.gradle.internal.execution.steps.SkipEmptyMutableWorkStep.executeWithNonEmptySources(SkipEmptyMutableWorkStep.java:210)
	at org.gradle.internal.execution.steps.SkipEmptyMutableWorkStep.executeMutable(SkipEmptyMutableWorkStep.java:85)
	at org.gradle.internal.execution.steps.SkipEmptyMutableWorkStep.executeMutable(SkipEmptyMutableWorkStep.java:53)
	at org.gradle.internal.execution.steps.MutableStep.execute(MutableStep.java:26)
	at org.gradle.internal.execution.steps.legacy.MarkSnapshottingInputsStartedStep.execute(MarkSnapshottingInputsStartedStep.java:38)
	at org.gradle.internal.execution.steps.LoadPreviousExecutionStateStep.executeMutable(LoadPreviousExecutionStateStep.java:36)
	at org.gradle.internal.execution.steps.LoadPreviousExecutionStateStep.executeMutable(LoadPreviousExecutionStateStep.java:23)
	at org.gradle.internal.execution.steps.MutableStep.execute(MutableStep.java:26)
	at org.gradle.internal.execution.steps.HandleStaleOutputsStep.executeMutable(HandleStaleOutputsStep.java:77)
	at org.gradle.internal.execution.steps.HandleStaleOutputsStep.executeMutable(HandleStaleOutputsStep.java:43)
	at org.gradle.internal.execution.steps.MutableStep.execute(MutableStep.java:26)
	at org.gradle.internal.execution.steps.AssignMutableWorkspaceStep.lambda$executeMutable$0(AssignMutableWorkspaceStep.java:34)
	at org.gradle.internal.execution.steps.AssignMutableWorkspaceStep$$Lambda/0x000000002afa88e8.executeInWorkspace(Unknown Source)
	at org.gradle.api.internal.tasks.execution.TaskExecution$4.withWorkspace(TaskExecution.java:305)
	at org.gradle.internal.execution.steps.AssignMutableWorkspaceStep.executeMutable(AssignMutableWorkspaceStep.java:30)
	at org.gradle.internal.execution.steps.AssignMutableWorkspaceStep.executeMutable(AssignMutableWorkspaceStep.java:21)
	at org.gradle.internal.execution.steps.MutableStep.execute(MutableStep.java:26)
	at org.gradle.internal.execution.steps.ChoosePipelineStep.execute(ChoosePipelineStep.java:40)
	at org.gradle.internal.execution.steps.ChoosePipelineStep.execute(ChoosePipelineStep.java:23)
	at org.gradle.internal.execution.steps.ExecuteWorkBuildOperationFiringStep.lambda$execute$2(ExecuteWorkBuildOperationFiringStep.java:67)
	at org.gradle.internal.execution.steps.ExecuteWorkBuildOperationFiringStep$$Lambda/0x000000002a55b750.get(Unknown Source)
	at java.util.Optional.orElseGet(java.base@25.0.3/Optional.java:364)
	at org.gradle.internal.execution.steps.ExecuteWorkBuildOperationFiringStep.execute(ExecuteWorkBuildOperationFiringStep.java:67)
	at org.gradle.internal.execution.steps.ExecuteWorkBuildOperationFiringStep.execute(ExecuteWorkBuildOperationFiringStep.java:39)
	at org.gradle.internal.execution.steps.IdentityCacheStep.execute(IdentityCacheStep.java:46)
	at org.gradle.internal.execution.steps.IdentityCacheStep.execute(IdentityCacheStep.java:34)
	at org.gradle.internal.execution.steps.IdentifyStep.execute(IdentifyStep.java:56)
	at org.gradle.internal.execution.steps.IdentifyStep.execute(IdentifyStep.java:38)
	at org.gradle.internal.execution.impl.DefaultExecutionEngine$1.execute(DefaultExecutionEngine.java:68)
	at org.gradle.api.internal.tasks.execution.ExecuteActionsTaskExecuter.executeIfValid(ExecuteActionsTaskExecuter.java:132)
	at org.gradle.api.internal.tasks.execution.ExecuteActionsTaskExecuter.execute(ExecuteActionsTaskExecuter.java:121)
	at org.gradle.api.internal.tasks.execution.ProblemsTaskPathTrackingTaskExecuter.execute(ProblemsTaskPathTrackingTaskExecuter.java:41)
	at org.gradle.api.internal.tasks.execution.ResolveTaskExecutionModeExecuter.execute(ResolveTaskExecutionModeExecuter.java:51)
	at org.gradle.api.internal.tasks.execution.FinalizePropertiesTaskExecuter.execute(FinalizePropertiesTaskExecuter.java:46)
	at org.gradle.api.internal.tasks.execution.SkipTaskWithNoActionsExecuter.execute(SkipTaskWithNoActionsExecuter.java:57)
	at org.gradle.api.internal.tasks.execution.SkipOnlyIfTaskExecuter.execute(SkipOnlyIfTaskExecuter.java:74)
	at org.gradle.api.internal.tasks.execution.CatchExceptionTaskExecuter.execute(CatchExceptionTaskExecuter.java:36)
	at org.gradle.api.internal.tasks.execution.EventFiringTaskExecuter$1.executeTask(EventFiringTaskExecuter.java:77)
	at org.gradle.api.internal.tasks.execution.EventFiringTaskExecuter$1.call(EventFiringTaskExecuter.java:55)
	at org.gradle.api.internal.tasks.execution.EventFiringTaskExecuter$1.call(EventFiringTaskExecuter.java:52)
	at org.gradle.internal.operations.DefaultBuildOperationRunner$CallableBuildOperationWorker.execute(DefaultBuildOperationRunner.java:210)
	at org.gradle.internal.operations.DefaultBuildOperationRunner$CallableBuildOperationWorker.execute(DefaultBuildOperationRunner.java:205)
	at org.gradle.internal.operations.DefaultBuildOperationRunner$2.execute(DefaultBuildOperationRunner.java:67)
	at org.gradle.internal.operations.DefaultBuildOperationRunner$2.execute(DefaultBuildOperationRunner.java:60)
	at org.gradle.internal.operations.DefaultBuildOperationRunner.execute(DefaultBuildOperationRunner.java:167)
	at org.gradle.internal.operations.DefaultBuildOperationRunner.execute(DefaultBuildOperationRunner.java:60)
	at org.gradle.internal.operations.DefaultBuildOperationRunner.call(DefaultBuildOperationRunner.java:54)
	at org.gradle.api.internal.tasks.execution.EventFiringTaskExecuter.execute(EventFiringTaskExecuter.java:52)
	at org.gradle.execution.plan.DefaultNodeExecutor.executeLocalTaskNode(DefaultNodeExecutor.java:55)
	at org.gradle.execution.plan.DefaultNodeExecutor.execute(DefaultNodeExecutor.java:34)
	at org.gradle.execution.taskgraph.DefaultTaskExecutionGraph$InvokeNodeExecutorsAction.execute(DefaultTaskExecutionGraph.java:355)
	at org.gradle.execution.taskgraph.DefaultTaskExecutionGraph$InvokeNodeExecutorsAction.execute(DefaultTaskExecutionGraph.java:343)
	at org.gradle.execution.taskgraph.DefaultTaskExecutionGraph$BuildOperationAwareExecutionAction.lambda$execute$0(DefaultTaskExecutionGraph.java:339)
	at org.gradle.execution.taskgraph.DefaultTaskExecutionGraph$BuildOperationAwareExecutionAction$$Lambda/0x000000002af84218.run(Unknown Source)
	at org.gradle.internal.operations.CurrentBuildOperationRef.with(CurrentBuildOperationRef.java:84)
	at org.gradle.execution.taskgraph.DefaultTaskExecutionGraph$BuildOperationAwareExecutionAction.execute(DefaultTaskExecutionGraph.java:339)
	at org.gradle.execution.taskgraph.DefaultTaskExecutionGraph$BuildOperationAwareExecutionAction.execute(DefaultTaskExecutionGraph.java:328)
	at org.gradle.execution.plan.DefaultPlanExecutor$ExecutorWorker.execute(DefaultPlanExecutor.java:459)
	at org.gradle.execution.plan.DefaultPlanExecutor$ExecutorWorker.run(DefaultPlanExecutor.java:376)
	at org.gradle.internal.concurrent.ExecutorPolicy$CatchAndRecordFailures.onExecute(ExecutorPolicy.java:64)
	at org.gradle.internal.concurrent.AbstractManagedExecutor$1.run(AbstractManagedExecutor.java:47)
	at java.util.concurrent.ThreadPoolExecutor.runWorker(java.base@25.0.3/ThreadPoolExecutor.java:1090)
	at java.util.concurrent.ThreadPoolExecutor$Worker.run(java.base@25.0.3/ThreadPoolExecutor.java:614)
	at java.lang.Thread.runWith(java.base@25.0.3/Thread.java:1487)
	at java.lang.Thread.run(java.base@25.0.3/Thread.java:1474)

"Execution worker Thread 8" #85 [15064] prio=5 os_prio=0 cpu=265.62ms elapsed=638.90s tid=0x0000022bd3aa9010 nid=15064 in Object.wait()  [0x000000a9587fe000]
   java.lang.Thread.State: WAITING (on object monitor)
	at java.lang.Object.wait0(java.base@25.0.3/Native Method)
	- waiting on <no object reference available>
	at java.lang.Object.wait(java.base@25.0.3/Object.java:389)
	at java.lang.Object.wait(java.base@25.0.3/Object.java:351)
	at org.gradle.internal.resources.DefaultResourceLockCoordinationService.withStateLock(DefaultResourceLockCoordinationService.java:109)
	- locked <0x0000000081137c38> (a java.lang.Object)
	at org.gradle.execution.plan.DefaultPlanExecutor$ExecutorWorker.getNextItem(DefaultPlanExecutor.java:399)
	at org.gradle.execution.plan.DefaultPlanExecutor$ExecutorWorker.run(DefaultPlanExecutor.java:370)
	at org.gradle.internal.concurrent.ExecutorPolicy$CatchAndRecordFailures.onExecute(ExecutorPolicy.java:64)
	at org.gradle.internal.concurrent.AbstractManagedExecutor$1.run(AbstractManagedExecutor.java:47)
	at java.util.concurrent.ThreadPoolExecutor.runWorker(java.base@25.0.3/ThreadPoolExecutor.java:1090)
	at java.util.concurrent.ThreadPoolExecutor$Worker.run(java.base@25.0.3/ThreadPoolExecutor.java:614)
	at java.lang.Thread.runWith(java.base@25.0.3/Thread.java:1487)
	at java.lang.Thread.run(java.base@25.0.3/Thread.java:1474)

"Execution worker Thread 9" #86 [19216] prio=5 os_prio=0 cpu=6953.12ms elapsed=638.90s tid=0x0000022bd3fceb20 nid=19216 in Object.wait()  [0x000000a9588fe000]
   java.lang.Thread.State: WAITING (on object monitor)
	at java.lang.Object.wait0(java.base@25.0.3/Native Method)
	- waiting on <no object reference available>
	at java.lang.Object.wait(java.base@25.0.3/Object.java:389)
	at java.lang.Object.wait(java.base@25.0.3/Object.java:351)
	at org.gradle.internal.resources.DefaultResourceLockCoordinationService.withStateLock(DefaultResourceLockCoordinationService.java:109)
	- locked <0x0000000081137c38> (a java.lang.Object)
	at org.gradle.execution.plan.DefaultPlanExecutor$ExecutorWorker.getNextItem(DefaultPlanExecutor.java:399)
	at org.gradle.execution.plan.DefaultPlanExecutor$ExecutorWorker.run(DefaultPlanExecutor.java:370)
	at org.gradle.internal.concurrent.ExecutorPolicy$CatchAndRecordFailures.onExecute(ExecutorPolicy.java:64)
	at org.gradle.internal.concurrent.AbstractManagedExecutor$1.run(AbstractManagedExecutor.java:47)
	at java.util.concurrent.ThreadPoolExecutor.runWorker(java.base@25.0.3/ThreadPoolExecutor.java:1090)
	at java.util.concurrent.ThreadPoolExecutor$Worker.run(java.base@25.0.3/ThreadPoolExecutor.java:614)
	at java.lang.Thread.runWith(java.base@25.0.3/Thread.java:1487)
	at java.lang.Thread.run(java.base@25.0.3/Thread.java:1474)

"Execution worker Thread 10" #87 [12252] prio=5 os_prio=0 cpu=1921.88ms elapsed=638.90s tid=0x0000022bd3fcf2f0 nid=12252 in Object.wait()  [0x000000a9589fe000]
   java.lang.Thread.State: WAITING (on object monitor)
	at java.lang.Object.wait0(java.base@25.0.3/Native Method)
	- waiting on <no object reference available>
	at java.lang.Object.wait(java.base@25.0.3/Object.java:389)
	at java.lang.Object.wait(java.base@25.0.3/Object.java:351)
	at org.gradle.internal.resources.DefaultResourceLockCoordinationService.withStateLock(DefaultResourceLockCoordinationService.java:109)
	- locked <0x0000000081137c38> (a java.lang.Object)
	at org.gradle.execution.plan.DefaultPlanExecutor$ExecutorWorker.getNextItem(DefaultPlanExecutor.java:399)
	at org.gradle.execution.plan.DefaultPlanExecutor$ExecutorWorker.run(DefaultPlanExecutor.java:370)
	at org.gradle.internal.concurrent.ExecutorPolicy$CatchAndRecordFailures.onExecute(ExecutorPolicy.java:64)
	at org.gradle.internal.concurrent.AbstractManagedExecutor$1.run(AbstractManagedExecutor.java:47)
	at java.util.concurrent.ThreadPoolExecutor.runWorker(java.base@25.0.3/ThreadPoolExecutor.java:1090)
	at java.util.concurrent.ThreadPoolExecutor$Worker.run(java.base@25.0.3/ThreadPoolExecutor.java:614)
	at java.lang.Thread.runWith(java.base@25.0.3/Thread.java:1487)
	at java.lang.Thread.run(java.base@25.0.3/Thread.java:1474)

"Execution worker Thread 11" #88 [31616] prio=5 os_prio=0 cpu=2296.88ms elapsed=638.90s tid=0x0000022bd3fcdb80 nid=31616 in Object.wait()  [0x000000a958afe000]
   java.lang.Thread.State: WAITING (on object monitor)
	at java.lang.Object.wait0(java.base@25.0.3/Native Method)
	- waiting on <no object reference available>
	at java.lang.Object.wait(java.base@25.0.3/Object.java:389)
	at java.lang.Object.wait(java.base@25.0.3/Object.java:351)
	at org.gradle.internal.resources.DefaultResourceLockCoordinationService.withStateLock(DefaultResourceLockCoordinationService.java:109)
	- locked <0x0000000081137c38> (a java.lang.Object)
	at org.gradle.execution.plan.DefaultPlanExecutor$ExecutorWorker.getNextItem(DefaultPlanExecutor.java:399)
	at org.gradle.execution.plan.DefaultPlanExecutor$ExecutorWorker.run(DefaultPlanExecutor.java:370)
	at org.gradle.internal.concurrent.ExecutorPolicy$CatchAndRecordFailures.onExecute(ExecutorPolicy.java:64)
	at org.gradle.internal.concurrent.AbstractManagedExecutor$1.run(AbstractManagedExecutor.java:47)
	at java.util.concurrent.ThreadPoolExecutor.runWorker(java.base@25.0.3/ThreadPoolExecutor.java:1090)
	at java.util.concurrent.ThreadPoolExecutor$Worker.run(java.base@25.0.3/ThreadPoolExecutor.java:614)
	at java.lang.Thread.runWith(java.base@25.0.3/Thread.java:1487)
	at java.lang.Thread.run(java.base@25.0.3/Thread.java:1474)

"Cache worker for execution history cache (D:\new itantra\.gradle\9.5.0\executionHistory)" #89 [31552] prio=5 os_prio=0 cpu=187.50ms elapsed=638.89s tid=0x0000022bd3fd3170 nid=31552 waiting on condition  [0x000000a958bfe000]
   java.lang.Thread.State: WAITING (parking)
	at jdk.internal.misc.Unsafe.park(java.base@25.0.3/Native Method)
	- parking to wait for  <0x00000000849150f8> (a java.util.concurrent.locks.AbstractQueuedSynchronizer$ConditionObject)
	at java.util.concurrent.locks.LockSupport.park(java.base@25.0.3/LockSupport.java:369)
	at java.util.concurrent.locks.AbstractQueuedSynchronizer$ConditionNode.block(java.base@25.0.3/AbstractQueuedSynchronizer.java:520)
	at java.util.concurrent.ForkJoinPool.unmanagedBlock(java.base@25.0.3/ForkJoinPool.java:4364)
	at java.util.concurrent.ForkJoinPool.managedBlock(java.base@25.0.3/ForkJoinPool.java:4310)
	at java.util.concurrent.locks.AbstractQueuedSynchronizer$ConditionObject.await(java.base@25.0.3/AbstractQueuedSynchronizer.java:1752)
	at java.util.concurrent.ArrayBlockingQueue.take(java.base@25.0.3/ArrayBlockingQueue.java:421)
	at org.gradle.cache.internal.ExclusiveCacheAccessingWorker.takeFromQueue(ExclusiveCacheAccessingWorker.java:163)
	at org.gradle.cache.internal.ExclusiveCacheAccessingWorker.run(ExclusiveCacheAccessingWorker.java:127)
	at org.gradle.internal.concurrent.ExecutorPolicy$CatchAndRecordFailures.onExecute(ExecutorPolicy.java:64)
	at org.gradle.internal.concurrent.AbstractManagedExecutor$1.run(AbstractManagedExecutor.java:47)
	at java.util.concurrent.ThreadPoolExecutor.runWorker(java.base@25.0.3/ThreadPoolExecutor.java:1090)
	at java.util.concurrent.ThreadPoolExecutor$Worker.run(java.base@25.0.3/ThreadPoolExecutor.java:614)
	at java.lang.Thread.runWith(java.base@25.0.3/Thread.java:1487)
	at java.lang.Thread.run(java.base@25.0.3/Thread.java:1474)

"WorkerExecutor Queue" #90 [38724] prio=5 os_prio=0 cpu=12234.38ms elapsed=637.48s tid=0x0000022bcff992f0 nid=38724 waiting on condition  [0x000000a958cfe000]
   java.lang.Thread.State: WAITING (parking)
	at jdk.internal.misc.Unsafe.park(java.base@25.0.3/Native Method)
	- parking to wait for  <0x0000000084937f58> (a java.util.concurrent.locks.AbstractQueuedSynchronizer$ConditionObject)
	at java.util.concurrent.locks.LockSupport.park(java.base@25.0.3/LockSupport.java:369)
	at java.util.concurrent.locks.AbstractQueuedSynchronizer$ConditionNode.block(java.base@25.0.3/AbstractQueuedSynchronizer.java:520)
	at java.util.concurrent.ForkJoinPool.unmanagedBlock(java.base@25.0.3/ForkJoinPool.java:4364)
	at java.util.concurrent.ForkJoinPool.managedBlock(java.base@25.0.3/ForkJoinPool.java:4310)
	at java.util.concurrent.locks.AbstractQueuedSynchronizer$ConditionObject.await(java.base@25.0.3/AbstractQueuedSynchronizer.java:1752)
	at org.gradle.internal.work.DefaultConditionalExecutionQueue$ExecutionRunner.waitForNextOperation(DefaultConditionalExecutionQueue.java:148)
	at org.gradle.internal.work.DefaultConditionalExecutionQueue$ExecutionRunner.run(DefaultConditionalExecutionQueue.java:124)
	at java.util.concurrent.Executors$RunnableAdapter.call(java.base@25.0.3/Executors.java:545)
	at java.util.concurrent.FutureTask.run(java.base@25.0.3/FutureTask.java:328)
	at org.gradle.internal.concurrent.ExecutorPolicy$CatchAndRecordFailures.onExecute(ExecutorPolicy.java:64)
	at org.gradle.internal.concurrent.AbstractManagedExecutor$1.run(AbstractManagedExecutor.java:47)
	at java.util.concurrent.ThreadPoolExecutor.runWorker(java.base@25.0.3/ThreadPoolExecutor.java:1090)
	at java.util.concurrent.ThreadPoolExecutor$Worker.run(java.base@25.0.3/ThreadPoolExecutor.java:614)
	at java.lang.Thread.runWith(java.base@25.0.3/Thread.java:1487)
	at java.lang.Thread.run(java.base@25.0.3/Thread.java:1474)

"WorkerExecutor Queue Thread 3" #92 [11688] prio=5 os_prio=0 cpu=6250.00ms elapsed=636.79s tid=0x0000022bcff9c9a0 nid=11688 waiting on condition  [0x000000a958efe000]
   java.lang.Thread.State: WAITING (parking)
	at jdk.internal.misc.Unsafe.park(java.base@25.0.3/Native Method)
	- parking to wait for  <0x0000000084937f58> (a java.util.concurrent.locks.AbstractQueuedSynchronizer$ConditionObject)
	at java.util.concurrent.locks.LockSupport.park(java.base@25.0.3/LockSupport.java:369)
	at java.util.concurrent.locks.AbstractQueuedSynchronizer$ConditionNode.block(java.base@25.0.3/AbstractQueuedSynchronizer.java:520)
	at java.util.concurrent.ForkJoinPool.unmanagedBlock(java.base@25.0.3/ForkJoinPool.java:4364)
	at java.util.concurrent.ForkJoinPool.managedBlock(java.base@25.0.3/ForkJoinPool.java:4310)
	at java.util.concurrent.locks.AbstractQueuedSynchronizer$ConditionObject.await(java.base@25.0.3/AbstractQueuedSynchronizer.java:1752)
	at org.gradle.internal.work.DefaultConditionalExecutionQueue$ExecutionRunner.waitForNextOperation(DefaultConditionalExecutionQueue.java:148)
	at org.gradle.internal.work.DefaultConditionalExecutionQueue$ExecutionRunner.run(DefaultConditionalExecutionQueue.java:124)
	at java.util.concurrent.Executors$RunnableAdapter.call(java.base@25.0.3/Executors.java:545)
	at java.util.concurrent.FutureTask.run(java.base@25.0.3/FutureTask.java:328)
	at org.gradle.internal.concurrent.ExecutorPolicy$CatchAndRecordFailures.onExecute(ExecutorPolicy.java:64)
	at org.gradle.internal.concurrent.AbstractManagedExecutor$1.run(AbstractManagedExecutor.java:47)
	at java.util.concurrent.ThreadPoolExecutor.runWorker(java.base@25.0.3/ThreadPoolExecutor.java:1090)
	at java.util.concurrent.ThreadPoolExecutor$Worker.run(java.base@25.0.3/ThreadPoolExecutor.java:614)
	at java.lang.Thread.runWith(java.base@25.0.3/Thread.java:1487)
	at java.lang.Thread.run(java.base@25.0.3/Thread.java:1474)

"WorkerExecutor Queue Thread 4" #93 [36336] prio=5 os_prio=0 cpu=8015.62ms elapsed=636.79s tid=0x0000022bcff9e8e0 nid=36336 waiting on condition  [0x000000a958ffe000]
   java.lang.Thread.State: WAITING (parking)
	at jdk.internal.misc.Unsafe.park(java.base@25.0.3/Native Method)
	- parking to wait for  <0x0000000084937f58> (a java.util.concurrent.locks.AbstractQueuedSynchronizer$ConditionObject)
	at java.util.concurrent.locks.LockSupport.park(java.base@25.0.3/LockSupport.java:369)
	at java.util.concurrent.locks.AbstractQueuedSynchronizer$ConditionNode.block(java.base@25.0.3/AbstractQueuedSynchronizer.java:520)
	at java.util.concurrent.ForkJoinPool.unmanagedBlock(java.base@25.0.3/ForkJoinPool.java:4364)
	at java.util.concurrent.ForkJoinPool.managedBlock(java.base@25.0.3/ForkJoinPool.java:4310)
	at java.util.concurrent.locks.AbstractQueuedSynchronizer$ConditionObject.await(java.base@25.0.3/AbstractQueuedSynchronizer.java:1752)
	at org.gradle.internal.work.DefaultConditionalExecutionQueue$ExecutionRunner.waitForNextOperation(DefaultConditionalExecutionQueue.java:148)
	at org.gradle.internal.work.DefaultConditionalExecutionQueue$ExecutionRunner.run(DefaultConditionalExecutionQueue.java:124)
	at java.util.concurrent.Executors$RunnableAdapter.call(java.base@25.0.3/Executors.java:545)
	at java.util.concurrent.FutureTask.run(java.base@25.0.3/FutureTask.java:328)
	at org.gradle.internal.concurrent.ExecutorPolicy$CatchAndRecordFailures.onExecute(ExecutorPolicy.java:64)
	at org.gradle.internal.concurrent.AbstractManagedExecutor$1.run(AbstractManagedExecutor.java:47)
	at java.util.concurrent.ThreadPoolExecutor.runWorker(java.base@25.0.3/ThreadPoolExecutor.java:1090)
	at java.util.concurrent.ThreadPoolExecutor$Worker.run(java.base@25.0.3/ThreadPoolExecutor.java:614)
	at java.lang.Thread.runWith(java.base@25.0.3/Thread.java:1487)
	at java.lang.Thread.run(java.base@25.0.3/Thread.java:1474)

"WorkerExecutor Queue Thread 5" #94 [2120] prio=5 os_prio=0 cpu=5906.25ms elapsed=636.33s tid=0x0000022bcff9d170 nid=2120 waiting on condition  [0x000000a9590ff000]
   java.lang.Thread.State: WAITING (parking)
	at jdk.internal.misc.Unsafe.park(java.base@25.0.3/Native Method)
	- parking to wait for  <0x0000000084937f58> (a java.util.concurrent.locks.AbstractQueuedSynchronizer$ConditionObject)
	at java.util.concurrent.locks.LockSupport.park(java.base@25.0.3/LockSupport.java:369)
	at java.util.concurrent.locks.AbstractQueuedSynchronizer$ConditionNode.block(java.base@25.0.3/AbstractQueuedSynchronizer.java:520)
	at java.util.concurrent.ForkJoinPool.unmanagedBlock(java.base@25.0.3/ForkJoinPool.java:4364)
	at java.util.concurrent.ForkJoinPool.managedBlock(java.base@25.0.3/ForkJoinPool.java:4310)
	at java.util.concurrent.locks.AbstractQueuedSynchronizer$ConditionObject.await(java.base@25.0.3/AbstractQueuedSynchronizer.java:1752)
	at org.gradle.internal.work.DefaultConditionalExecutionQueue$ExecutionRunner.waitForNextOperation(DefaultConditionalExecutionQueue.java:148)
	at org.gradle.internal.work.DefaultConditionalExecutionQueue$ExecutionRunner.run(DefaultConditionalExecutionQueue.java:124)
	at java.util.concurrent.Executors$RunnableAdapter.call(java.base@25.0.3/Executors.java:545)
	at java.util.concurrent.FutureTask.run(java.base@25.0.3/FutureTask.java:328)
	at org.gradle.internal.concurrent.ExecutorPolicy$CatchAndRecordFailures.onExecute(ExecutorPolicy.java:64)
	at org.gradle.internal.concurrent.AbstractManagedExecutor$1.run(AbstractManagedExecutor.java:47)
	at java.util.concurrent.ThreadPoolExecutor.runWorker(java.base@25.0.3/ThreadPoolExecutor.java:1090)
	at java.util.concurrent.ThreadPoolExecutor$Worker.run(java.base@25.0.3/ThreadPoolExecutor.java:614)
	at java.lang.Thread.runWith(java.base@25.0.3/Thread.java:1487)
	at java.lang.Thread.run(java.base@25.0.3/Thread.java:1474)

"WorkerExecutor Queue Thread 8" #97 [37552] prio=5 os_prio=0 cpu=15906.25ms elapsed=635.73s tid=0x0000022bcffa1f90 nid=37552 waiting on condition  [0x000000a9593ff000]
   java.lang.Thread.State: WAITING (parking)
	at jdk.internal.misc.Unsafe.park(java.base@25.0.3/Native Method)
	- parking to wait for  <0x0000000084937f58> (a java.util.concurrent.locks.AbstractQueuedSynchronizer$ConditionObject)
	at java.util.concurrent.locks.LockSupport.park(java.base@25.0.3/LockSupport.java:369)
	at java.util.concurrent.locks.AbstractQueuedSynchronizer$ConditionNode.block(java.base@25.0.3/AbstractQueuedSynchronizer.java:520)
	at java.util.concurrent.ForkJoinPool.unmanagedBlock(java.base@25.0.3/ForkJoinPool.java:4364)
	at java.util.concurrent.ForkJoinPool.managedBlock(java.base@25.0.3/ForkJoinPool.java:4310)
	at java.util.concurrent.locks.AbstractQueuedSynchronizer$ConditionObject.await(java.base@25.0.3/AbstractQueuedSynchronizer.java:1752)
	at org.gradle.internal.work.DefaultConditionalExecutionQueue$ExecutionRunner.waitForNextOperation(DefaultConditionalExecutionQueue.java:148)
	at org.gradle.internal.work.DefaultConditionalExecutionQueue$ExecutionRunner.run(DefaultConditionalExecutionQueue.java:124)
	at java.util.concurrent.Executors$RunnableAdapter.call(java.base@25.0.3/Executors.java:545)
	at java.util.concurrent.FutureTask.run(java.base@25.0.3/FutureTask.java:328)
	at org.gradle.internal.concurrent.ExecutorPolicy$CatchAndRecordFailures.onExecute(ExecutorPolicy.java:64)
	at org.gradle.internal.concurrent.AbstractManagedExecutor$1.run(AbstractManagedExecutor.java:47)
	at java.util.concurrent.ThreadPoolExecutor.runWorker(java.base@25.0.3/ThreadPoolExecutor.java:1090)
	at java.util.concurrent.ThreadPoolExecutor$Worker.run(java.base@25.0.3/ThreadPoolExecutor.java:614)
	at java.lang.Thread.runWith(java.base@25.0.3/Thread.java:1487)
	at java.lang.Thread.run(java.base@25.0.3/Thread.java:1474)

"WorkerExecutor Queue Thread 9" #98 [1792] prio=5 os_prio=0 cpu=1125.00ms elapsed=635.06s tid=0x0000022bcffa2f30 nid=1792 waiting on condition  [0x000000a9594ff000]
   java.lang.Thread.State: WAITING (parking)
	at jdk.internal.misc.Unsafe.park(java.base@25.0.3/Native Method)
	- parking to wait for  <0x0000000084937f58> (a java.util.concurrent.locks.AbstractQueuedSynchronizer$ConditionObject)
	at java.util.concurrent.locks.LockSupport.park(java.base@25.0.3/LockSupport.java:369)
	at java.util.concurrent.locks.AbstractQueuedSynchronizer$ConditionNode.block(java.base@25.0.3/AbstractQueuedSynchronizer.java:520)
	at java.util.concurrent.ForkJoinPool.unmanagedBlock(java.base@25.0.3/ForkJoinPool.java:4364)
	at java.util.concurrent.ForkJoinPool.managedBlock(java.base@25.0.3/ForkJoinPool.java:4310)
	at java.util.concurrent.locks.AbstractQueuedSynchronizer$ConditionObject.await(java.base@25.0.3/AbstractQueuedSynchronizer.java:1752)
	at org.gradle.internal.work.DefaultConditionalExecutionQueue$ExecutionRunner.waitForNextOperation(DefaultConditionalExecutionQueue.java:148)
	at org.gradle.internal.work.DefaultConditionalExecutionQueue$ExecutionRunner.run(DefaultConditionalExecutionQueue.java:124)
	at java.util.concurrent.Executors$RunnableAdapter.call(java.base@25.0.3/Executors.java:545)
	at java.util.concurrent.FutureTask.run(java.base@25.0.3/FutureTask.java:328)
	at org.gradle.internal.concurrent.ExecutorPolicy$CatchAndRecordFailures.onExecute(ExecutorPolicy.java:64)
	at org.gradle.internal.concurrent.AbstractManagedExecutor$1.run(AbstractManagedExecutor.java:47)
	at java.util.concurrent.ThreadPoolExecutor.runWorker(java.base@25.0.3/ThreadPoolExecutor.java:1090)
	at java.util.concurrent.ThreadPoolExecutor$Worker.run(java.base@25.0.3/ThreadPoolExecutor.java:614)
	at java.lang.Thread.runWith(java.base@25.0.3/Thread.java:1487)
	at java.lang.Thread.run(java.base@25.0.3/Thread.java:1474)

"Periodic tasks thread" #99 [364] daemon prio=5 os_prio=0 cpu=0.00ms elapsed=632.84s tid=0x0000022bd95a8e30 nid=364 waiting on condition  [0x000000a9595ff000]
   java.lang.Thread.State: WAITING (parking)
	at jdk.internal.misc.Unsafe.park(java.base@25.0.3/Native Method)
	- parking to wait for  <0x000000009e3701d0> (a java.util.concurrent.locks.AbstractQueuedSynchronizer$ConditionObject)
	at java.util.concurrent.locks.LockSupport.park(java.base@25.0.3/LockSupport.java:369)
	at java.util.concurrent.locks.AbstractQueuedSynchronizer$ConditionNode.block(java.base@25.0.3/AbstractQueuedSynchronizer.java:520)
	at java.util.concurrent.ForkJoinPool.unmanagedBlock(java.base@25.0.3/ForkJoinPool.java:4364)
	at java.util.concurrent.ForkJoinPool.managedBlock(java.base@25.0.3/ForkJoinPool.java:4310)
	at java.util.concurrent.locks.AbstractQueuedSynchronizer$ConditionObject.await(java.base@25.0.3/AbstractQueuedSynchronizer.java:1752)
	at java.util.concurrent.DelayQueue.take(java.base@25.0.3/DelayQueue.java:243)
	at ksp.com.intellij.util.concurrency.AppDelayQueue$TransferThread.run(AppDelayQueue.java:81)

"ApplicationImpl pooled thread 1" #100 [11944] daemon prio=4 os_prio=-1 cpu=15.62ms elapsed=632.83s tid=0x0000022bd95a9600 nid=11944 waiting on condition  [0x000000a9596fe000]
   java.lang.Thread.State: WAITING (parking)
	at jdk.internal.misc.Unsafe.park(java.base@25.0.3/Native Method)
	- parking to wait for  <0x000000008b61c040> (a java.util.concurrent.SynchronousQueue$Transferer)
	at java.util.concurrent.locks.LockSupport.park(java.base@25.0.3/LockSupport.java:369)
	at java.util.concurrent.LinkedTransferQueue$DualNode.await(java.base@25.0.3/LinkedTransferQueue.java:458)
	at java.util.concurrent.SynchronousQueue$Transferer.xferLifo(java.base@25.0.3/SynchronousQueue.java:194)
	at java.util.concurrent.SynchronousQueue.xfer(java.base@25.0.3/SynchronousQueue.java:235)
	at java.util.concurrent.SynchronousQueue.take(java.base@25.0.3/SynchronousQueue.java:318)
	at java.util.concurrent.ThreadPoolExecutor.getTask(java.base@25.0.3/ThreadPoolExecutor.java:1016)
	at java.util.concurrent.ThreadPoolExecutor.runWorker(java.base@25.0.3/ThreadPoolExecutor.java:1076)
	at java.util.concurrent.ThreadPoolExecutor$Worker.run(java.base@25.0.3/ThreadPoolExecutor.java:614)
	at java.util.concurrent.Executors$PrivilegedThreadFactory$1.run(java.base@25.0.3/Executors.java:649)
	at java.lang.Thread.runWith(java.base@25.0.3/Thread.java:1487)
	at java.lang.Thread.run(java.base@25.0.3/Thread.java:1474)

"Java2D Disposer" #103 [28860] daemon prio=10 os_prio=2 cpu=0.00ms elapsed=632.07s tid=0x0000022bd95a6720 nid=28860 in Object.wait()  [0x000000a9599ff000]
   java.lang.Thread.State: WAITING (on object monitor)
	at java.lang.Object.wait0(java.base@25.0.3/Native Method)
	- waiting on <no object reference available>
	at java.lang.Object.wait(java.base@25.0.3/Object.java:389)
	at java.lang.Object.wait(java.base@25.0.3/Object.java:351)
	at java.lang.ref.ReferenceQueue.remove0(java.base@25.0.3/ReferenceQueue.java:137)
	at java.lang.ref.ReferenceQueue.remove(java.base@25.0.3/ReferenceQueue.java:215)
	- locked <0x00000000874df8c8> (a java.lang.ref.ReferenceQueue$Lock)
	at sun.java2d.Disposer.run(java.desktop@25.0.3/Disposer.java:133)
	at java.lang.Thread.runWith(java.base@25.0.3/Thread.java:1487)
	at java.lang.Thread.run(java.base@25.0.3/Thread.java:1474)

"AWT-Windows" #105 [25408] daemon prio=6 os_prio=0 cpu=15.62ms elapsed=632.07s tid=0x0000022bd95b1300 nid=25408 runnable  [0x000000a959bfe000]
   java.lang.Thread.State: RUNNABLE
	at sun.awt.windows.WToolkit.eventLoop(java.desktop@25.0.3/Native Method)
	at sun.awt.windows.WToolkit.run(java.desktop@25.0.3/WToolkit.java:272)
	at java.lang.Thread.runWith(java.base@25.0.3/Thread.java:1487)
	at java.lang.Thread.run(java.base@25.0.3/Thread.java:1474)

"WorkerExecutor Queue Thread 10" #110 [16732] prio=5 os_prio=0 cpu=58625.00ms elapsed=631.00s tid=0x0000022bd968d2d0 nid=16732 waiting on condition  [0x000000a959aff000]
   java.lang.Thread.State: WAITING (parking)
	at jdk.internal.misc.Unsafe.park(java.base@25.0.3/Native Method)
	- parking to wait for  <0x0000000084937f58> (a java.util.concurrent.locks.AbstractQueuedSynchronizer$ConditionObject)
	at java.util.concurrent.locks.LockSupport.park(java.base@25.0.3/LockSupport.java:369)
	at java.util.concurrent.locks.AbstractQueuedSynchronizer$ConditionNode.block(java.base@25.0.3/AbstractQueuedSynchronizer.java:520)
	at java.util.concurrent.ForkJoinPool.unmanagedBlock(java.base@25.0.3/ForkJoinPool.java:4364)
	at java.util.concurrent.ForkJoinPool.managedBlock(java.base@25.0.3/ForkJoinPool.java:4310)
	at java.util.concurrent.locks.AbstractQueuedSynchronizer$ConditionObject.await(java.base@25.0.3/AbstractQueuedSynchronizer.java:1752)
	at org.gradle.internal.work.DefaultConditionalExecutionQueue$ExecutionRunner.waitForNextOperation(DefaultConditionalExecutionQueue.java:148)
	at org.gradle.internal.work.DefaultConditionalExecutionQueue$ExecutionRunner.run(DefaultConditionalExecutionQueue.java:124)
	at java.util.concurrent.Executors$RunnableAdapter.call(java.base@25.0.3/Executors.java:545)
	at java.util.concurrent.FutureTask.run(java.base@25.0.3/FutureTask.java:328)
	at org.gradle.internal.concurrent.ExecutorPolicy$CatchAndRecordFailures.onExecute(ExecutorPolicy.java:64)
	at org.gradle.internal.concurrent.AbstractManagedExecutor$1.run(AbstractManagedExecutor.java:47)
	at java.util.concurrent.ThreadPoolExecutor.runWorker(java.base@25.0.3/ThreadPoolExecutor.java:1090)
	at java.util.concurrent.ThreadPoolExecutor$Worker.run(java.base@25.0.3/ThreadPoolExecutor.java:614)
	at java.lang.Thread.runWith(java.base@25.0.3/Thread.java:1487)
	at java.lang.Thread.run(java.base@25.0.3/Thread.java:1474)

"WorkerExecutor Queue Thread 11" #111 [36920] prio=5 os_prio=0 cpu=31203.12ms elapsed=630.99s tid=0x0000022bd96928c0 nid=36920 waiting on condition  [0x000000a959eff000]
   java.lang.Thread.State: WAITING (parking)
	at jdk.internal.misc.Unsafe.park(java.base@25.0.3/Native Method)
	- parking to wait for  <0x0000000084937f58> (a java.util.concurrent.locks.AbstractQueuedSynchronizer$ConditionObject)
	at java.util.concurrent.locks.LockSupport.park(java.base@25.0.3/LockSupport.java:369)
	at java.util.concurrent.locks.AbstractQueuedSynchronizer$ConditionNode.block(java.base@25.0.3/AbstractQueuedSynchronizer.java:520)
	at java.util.concurrent.ForkJoinPool.unmanagedBlock(java.base@25.0.3/ForkJoinPool.java:4364)
	at java.util.concurrent.ForkJoinPool.managedBlock(java.base@25.0.3/ForkJoinPool.java:4310)
	at java.util.concurrent.locks.AbstractQueuedSynchronizer$ConditionObject.await(java.base@25.0.3/AbstractQueuedSynchronizer.java:1752)
	at org.gradle.internal.work.DefaultConditionalExecutionQueue$ExecutionRunner.waitForNextOperation(DefaultConditionalExecutionQueue.java:148)
	at org.gradle.internal.work.DefaultConditionalExecutionQueue$ExecutionRunner.run(DefaultConditionalExecutionQueue.java:124)
	at java.util.concurrent.Executors$RunnableAdapter.call(java.base@25.0.3/Executors.java:545)
	at java.util.concurrent.FutureTask.run(java.base@25.0.3/FutureTask.java:328)
	at org.gradle.internal.concurrent.ExecutorPolicy$CatchAndRecordFailures.onExecute(ExecutorPolicy.java:64)
	at org.gradle.internal.concurrent.AbstractManagedExecutor$1.run(AbstractManagedExecutor.java:47)
	at java.util.concurrent.ThreadPoolExecutor.runWorker(java.base@25.0.3/ThreadPoolExecutor.java:1090)
	at java.util.concurrent.ThreadPoolExecutor$Worker.run(java.base@25.0.3/ThreadPoolExecutor.java:614)
	at java.lang.Thread.runWith(java.base@25.0.3/Thread.java:1487)
	at java.lang.Thread.run(java.base@25.0.3/Thread.java:1474)

"WorkerExecutor Queue Thread 12" #112 [33304] prio=5 os_prio=0 cpu=18968.75ms elapsed=630.98s tid=0x0000022bd9693090 nid=33304 runnable  [0x000000a959ffd000]
   java.lang.Thread.State: RUNNABLE
	at sun.nio.fs.WindowsNativeDispatcher.CreateFile0(java.base@25.0.3/Native Method)
	at sun.nio.fs.WindowsNativeDispatcher.CreateFile(java.base@25.0.3/WindowsNativeDispatcher.java:70)
	at sun.nio.fs.WindowsChannelFactory.open(java.base@25.0.3/WindowsChannelFactory.java:288)
	at sun.nio.fs.WindowsChannelFactory.newFileChannel(java.base@25.0.3/WindowsChannelFactory.java:165)
	at sun.nio.fs.WindowsFileSystemProvider.checkReadAccess(java.base@25.0.3/WindowsFileSystemProvider.java:322)
	at sun.nio.fs.WindowsFileSystemProvider.checkAccess(java.base@25.0.3/WindowsFileSystemProvider.java:380)
	at sun.nio.fs.AbstractFileSystemProvider.isReadable(java.base@25.0.3/AbstractFileSystemProvider.java:125)
	at java.nio.file.Files.isReadable(java.base@25.0.3/Files.java:2374)
	at com.android.tools.lint.UastEnvironmentVirtualFileUtilsKt$collectFilePaths$1.visitFile(UastEnvironmentVirtualFileUtils.kt:137)
	at com.android.tools.lint.UastEnvironmentVirtualFileUtilsKt$collectFilePaths$1.visitFile(UastEnvironmentVirtualFileUtils.kt:131)
	at java.nio.file.Files.walkFileTree(java.base@25.0.3/Files.java:2543)
	at java.nio.file.Files.walkFileTree(java.base@25.0.3/Files.java:2609)
	at com.android.tools.lint.UastEnvironmentVirtualFileUtilsKt.collectFilePaths(UastEnvironmentVirtualFileUtils.kt:129)
	at com.android.tools.lint.UastEnvironmentVirtualFileUtilsKt.getFilePaths$fromFile(UastEnvironmentVirtualFileUtils.kt:61)
	at com.android.tools.lint.UastEnvironmentVirtualFileUtilsKt.getFilePaths(UastEnvironmentVirtualFileUtils.kt:83)
	at com.android.tools.lint.UastEnvironmentVirtualFileUtilsKt.getSourceFilePaths(UastEnvironmentVirtualFileUtils.kt:44)
	at com.android.tools.lint.UastEnvironmentVirtualFileUtilsKt.getSourceFilePaths$default(UastEnvironmentVirtualFileUtils.kt:43)
	at com.android.tools.lint.UastEnvironmentUtilsKt$configureAnalysisApiProjectStructure$1.invoke(UastEnvironmentUtils.kt:195)
	at com.android.tools.lint.UastEnvironmentUtilsKt$configureAnalysisApiProjectStructure$1.invoke(UastEnvironmentUtils.kt:175)
	at org.jetbrains.kotlin.analysis.api.standalone.StandaloneAnalysisAPISessionBuilder.buildKtModuleProvider(StandaloneAnalysisAPISessionBuilder.kt:308)
	at com.android.tools.lint.FirUastEnvironmentKt.createAnalysisSession(FirUastEnvironment.kt:142)
	at com.android.tools.lint.FirUastEnvironmentKt.access$createAnalysisSession(FirUastEnvironment.kt:1)
	at com.android.tools.lint.FirUastEnvironment$Companion.create(FirUastEnvironment.kt:92)
	at com.android.tools.lint.UastEnvironment$Companion.create(UastEnvironment.kt:153)
	at com.android.tools.lint.LintCliClient.initializeProjects(LintCliClient.kt:1299)
	at com.android.tools.lint.client.api.LintClient.performInitializeProjects$lint_api(LintClient.kt:952)
	at com.android.tools.lint.client.api.LintDriver.initializeProjectRoots(LintDriver.kt:554)
	at com.android.tools.lint.client.api.LintDriver.doAnalyze(LintDriver.kt:472)
	at com.android.tools.lint.client.api.LintDriver.analyzeOnly(LintDriver.kt:431)
	at com.android.tools.lint.LintCliClient$analyzeOnly$1.invoke(LintCliClient.kt:265)
	at com.android.tools.lint.LintCliClient$analyzeOnly$1.invoke(LintCliClient.kt:262)
	at com.android.tools.lint.LintCliClient.run(LintCliClient.kt:311)
	at com.android.tools.lint.LintCliClient.analyzeOnly(LintCliClient.kt:262)
	at com.android.tools.lint.Main.run(Main.java:1786)
	at com.android.tools.lint.Main.run(Main.java:287)
	at java.lang.invoke.LambdaForm$DMH/0x000000002a1e4400.invokeVirtual(java.base@25.0.3/LambdaForm$DMH)
	at java.lang.invoke.LambdaForm$MH/0x000000002c06c400.invoke(java.base@25.0.3/LambdaForm$MH)
	at java.lang.invoke.Invokers$Holder.invokeExact_MT(java.base@25.0.3/Invokers$Holder)
	at jdk.internal.reflect.DirectMethodHandleAccessor.invokeImpl(java.base@25.0.3/DirectMethodHandleAccessor.java:155)
	at jdk.internal.reflect.DirectMethodHandleAccessor.invoke(java.base@25.0.3/DirectMethodHandleAccessor.java:104)
	at java.lang.reflect.Method.invoke(java.base@25.0.3/Method.java:565)
	at com.android.build.gradle.internal.lint.AndroidLintWorkAction.invokeLintMainRunMethod(AndroidLintWorkAction.kt:103)
	at com.android.build.gradle.internal.lint.AndroidLintWorkAction.runLint(AndroidLintWorkAction.kt:90)
	at com.android.build.gradle.internal.lint.AndroidLintWorkAction.execute(AndroidLintWorkAction.kt:64)
	at org.gradle.workers.internal.DefaultWorkerServer.execute(DefaultWorkerServer.java:68)
	at org.gradle.workers.internal.NoIsolationWorkerFactory$1$1.create(NoIsolationWorkerFactory.java:64)
	at org.gradle.workers.internal.NoIsolationWorkerFactory$1$1.create(NoIsolationWorkerFactory.java:61)
	at org.gradle.internal.classloader.ClassLoaderUtils.executeInClassloader(ClassLoaderUtils.java:102)
	at org.gradle.workers.internal.NoIsolationWorkerFactory$1.lambda$execute$0(NoIsolationWorkerFactory.java:61)
	at org.gradle.workers.internal.NoIsolationWorkerFactory$1$$Lambda/0x000000002afe9418.execute(Unknown Source)
	at org.gradle.workers.internal.AbstractWorker$1.call(AbstractWorker.java:44)
	at org.gradle.workers.internal.AbstractWorker$1.call(AbstractWorker.java:41)
	at org.gradle.internal.operations.DefaultBuildOperationRunner$CallableBuildOperationWorker.execute(DefaultBuildOperationRunner.java:210)
	at org.gradle.internal.operations.DefaultBuildOperationRunner$CallableBuildOperationWorker.execute(DefaultBuildOperationRunner.java:205)
	at org.gradle.internal.operations.DefaultBuildOperationRunner$2.execute(DefaultBuildOperationRunner.java:67)
	at org.gradle.internal.operations.DefaultBuildOperationRunner$2.execute(DefaultBuildOperationRunner.java:60)
	at org.gradle.internal.operations.DefaultBuildOperationRunner.execute(DefaultBuildOperationRunner.java:167)
	at org.gradle.internal.operations.DefaultBuildOperationRunner.execute(DefaultBuildOperationRunner.java:60)
	at org.gradle.internal.operations.DefaultBuildOperationRunner.call(DefaultBuildOperationRunner.java:54)
	at org.gradle.workers.internal.AbstractWorker.executeWrappedInBuildOperation(AbstractWorker.java:41)
	at org.gradle.workers.internal.NoIsolationWorkerFactory$1.execute(NoIsolationWorkerFactory.java:58)
	at org.gradle.workers.internal.DefaultWorkerExecutor.lambda$submitWork$0(DefaultWorkerExecutor.java:174)
	at org.gradle.workers.internal.DefaultWorkerExecutor$$Lambda/0x000000002afcf5a8.call(Unknown Source)
	at java.util.concurrent.FutureTask.run(java.base@25.0.3/FutureTask.java:328)
	at org.gradle.internal.work.DefaultConditionalExecutionQueue$ExecutionRunner.runExecution(DefaultConditionalExecutionQueue.java:191)
	at org.gradle.internal.work.DefaultConditionalExecutionQueue$ExecutionRunner.access$500(DefaultConditionalExecutionQueue.java:112)
	at org.gradle.internal.work.DefaultConditionalExecutionQueue$ExecutionRunner$1.run(DefaultConditionalExecutionQueue.java:168)
	at org.gradle.internal.Factories$1.create(Factories.java:30)
	at org.gradle.internal.work.DefaultWorkerLeaseService.lambda$withLocksAcquired$0(DefaultWorkerLeaseService.java:280)
	at org.gradle.internal.work.DefaultWorkerLeaseService$$Lambda/0x000000002a298000.create(Unknown Source)
	at org.gradle.internal.work.ResourceLockStatistics$1.measure(ResourceLockStatistics.java:43)
	at org.gradle.internal.work.DefaultWorkerLeaseService.withLocksAcquired(DefaultWorkerLeaseService.java:278)
	at org.gradle.internal.work.DefaultWorkerLeaseService.withLocks(DefaultWorkerLeaseService.java:270)
	at org.gradle.internal.work.DefaultWorkerLeaseService.runAsWorkerThread(DefaultWorkerLeaseService.java:129)
	at org.gradle.internal.work.DefaultWorkerLeaseService.runAsWorkerThread(DefaultWorkerLeaseService.java:134)
	at org.gradle.internal.work.DefaultConditionalExecutionQueue$ExecutionRunner.runBatch(DefaultConditionalExecutionQueue.java:163)
	at org.gradle.internal.work.DefaultConditionalExecutionQueue$ExecutionRunner.run(DefaultConditionalExecutionQueue.java:125)
	at java.util.concurrent.Executors$RunnableAdapter.call(java.base@25.0.3/Executors.java:545)
	at java.util.concurrent.FutureTask.run(java.base@25.0.3/FutureTask.java:328)
	at org.gradle.internal.concurrent.ExecutorPolicy$CatchAndRecordFailures.onExecute(ExecutorPolicy.java:64)
	at org.gradle.internal.concurrent.AbstractManagedExecutor$1.run(AbstractManagedExecutor.java:47)
	at java.util.concurrent.ThreadPoolExecutor.runWorker(java.base@25.0.3/ThreadPoolExecutor.java:1090)
	at java.util.concurrent.ThreadPoolExecutor$Worker.run(java.base@25.0.3/ThreadPoolExecutor.java:614)
	at java.lang.Thread.runWith(java.base@25.0.3/Thread.java:1487)
	at java.lang.Thread.run(java.base@25.0.3/Thread.java:1474)

"WorkerExecutor Queue Thread 13" #120 [22916] prio=5 os_prio=0 cpu=14656.25ms elapsed=621.45s tid=0x0000022bea660890 nid=22916 waiting on condition  [0x000000a95a6ff000]
   java.lang.Thread.State: WAITING (parking)
	at jdk.internal.misc.Unsafe.park(java.base@25.0.3/Native Method)
	- parking to wait for  <0x0000000084937f58> (a java.util.concurrent.locks.AbstractQueuedSynchronizer$ConditionObject)
	at java.util.concurrent.locks.LockSupport.park(java.base@25.0.3/LockSupport.java:369)
	at java.util.concurrent.locks.AbstractQueuedSynchronizer$ConditionNode.block(java.base@25.0.3/AbstractQueuedSynchronizer.java:520)
	at java.util.concurrent.ForkJoinPool.unmanagedBlock(java.base@25.0.3/ForkJoinPool.java:4364)
	at java.util.concurrent.ForkJoinPool.managedBlock(java.base@25.0.3/ForkJoinPool.java:4310)
	at java.util.concurrent.locks.AbstractQueuedSynchronizer$ConditionObject.await(java.base@25.0.3/AbstractQueuedSynchronizer.java:1752)
	at org.gradle.internal.work.DefaultConditionalExecutionQueue$ExecutionRunner.waitForNextOperation(DefaultConditionalExecutionQueue.java:148)
	at org.gradle.internal.work.DefaultConditionalExecutionQueue$ExecutionRunner.run(DefaultConditionalExecutionQueue.java:124)
	at java.util.concurrent.Executors$RunnableAdapter.call(java.base@25.0.3/Executors.java:545)
	at java.util.concurrent.FutureTask.run(java.base@25.0.3/FutureTask.java:328)
	at org.gradle.internal.concurrent.ExecutorPolicy$CatchAndRecordFailures.onExecute(ExecutorPolicy.java:64)
	at org.gradle.internal.concurrent.AbstractManagedExecutor$1.run(AbstractManagedExecutor.java:47)
	at java.util.concurrent.ThreadPoolExecutor.runWorker(java.base@25.0.3/ThreadPoolExecutor.java:1090)
	at java.util.concurrent.ThreadPoolExecutor$Worker.run(java.base@25.0.3/ThreadPoolExecutor.java:614)
	at java.lang.Thread.runWith(java.base@25.0.3/Thread.java:1487)
	at java.lang.Thread.run(java.base@25.0.3/Thread.java:1474)

"RMI Scheduler(0)" #122 [30312] daemon prio=5 os_prio=0 cpu=0.00ms elapsed=620.53s tid=0x0000022bea64f720 nid=30312 waiting on condition  [0x000000a957dff000]
   java.lang.Thread.State: TIMED_WAITING (parking)
	at jdk.internal.misc.Unsafe.park(java.base@25.0.3/Native Method)
	- parking to wait for  <0x00000000887cede0> (a java.util.concurrent.locks.AbstractQueuedSynchronizer$ConditionObject)
	at java.util.concurrent.locks.LockSupport.parkNanos(java.base@25.0.3/LockSupport.java:271)
	at java.util.concurrent.locks.AbstractQueuedSynchronizer$ConditionObject.awaitNanos(java.base@25.0.3/AbstractQueuedSynchronizer.java:1803)
	at java.util.concurrent.ScheduledThreadPoolExecutor$DelayedWorkQueue.take(java.base@25.0.3/ScheduledThreadPoolExecutor.java:1166)
	at java.util.concurrent.ScheduledThreadPoolExecutor$DelayedWorkQueue.take(java.base@25.0.3/ScheduledThreadPoolExecutor.java:883)
	at java.util.concurrent.ThreadPoolExecutor.getTask(java.base@25.0.3/ThreadPoolExecutor.java:1016)
	at java.util.concurrent.ThreadPoolExecutor.runWorker(java.base@25.0.3/ThreadPoolExecutor.java:1076)
	at java.util.concurrent.ThreadPoolExecutor$Worker.run(java.base@25.0.3/ThreadPoolExecutor.java:614)
	at java.lang.Thread.runWith(java.base@25.0.3/Thread.java:1487)
	at java.lang.Thread.run(java.base@25.0.3/Thread.java:1474)

"RMI GC Daemon" #124 [32276] daemon prio=2 os_prio=-2 cpu=0.00ms elapsed=620.52s tid=0x0000022bea65ca10 nid=32276 in Object.wait()  [0x000000a95a8ff000]
   java.lang.Thread.State: TIMED_WAITING (on object monitor)
	at java.lang.Object.wait0(java.base@25.0.3/Native Method)
	- waiting on <no object reference available>
	at java.lang.Object.wait(java.base@25.0.3/Object.java:389)
	at sun.rmi.transport.GC$Daemon.run(java.rmi@25.0.3/GC.java:121)
	- locked <0x00000000887cef20> (a sun.rmi.transport.GC$LatencyLock)
	at java.lang.Thread.runWith(java.base@25.0.3/Thread.java:1487)
	at java.lang.Thread.run(java.base@25.0.3/Thread.java:1474)
	at jdk.internal.misc.InnocuousThread.run(java.base@25.0.3/InnocuousThread.java:148)

"RMI TCP Accept-0" #125 [20432] daemon prio=5 os_prio=0 cpu=0.00ms elapsed=620.46s tid=0x0000022bea662fa0 nid=20432 runnable  [0x000000a95a9fe000]
   java.lang.Thread.State: RUNNABLE
	at sun.nio.ch.Net.accept(java.base@25.0.3/Native Method)
	at sun.nio.ch.NioSocketImpl.accept(java.base@25.0.3/NioSocketImpl.java:751)
	at java.net.ServerSocket.implAccept(java.base@25.0.3/ServerSocket.java:593)
	at java.net.ServerSocket.platformImplAccept(java.base@25.0.3/ServerSocket.java:560)
	at java.net.ServerSocket.implAccept(java.base@25.0.3/ServerSocket.java:536)
	at java.net.ServerSocket.implAccept(java.base@25.0.3/ServerSocket.java:482)
	at java.net.ServerSocket.accept(java.base@25.0.3/ServerSocket.java:441)
	at sun.rmi.transport.tcp.TCPTransport$AcceptLoop.executeAcceptLoop(java.rmi@25.0.3/TCPTransport.java:369)
	at sun.rmi.transport.tcp.TCPTransport$AcceptLoop.run(java.rmi@25.0.3/TCPTransport.java:333)
	at java.lang.Thread.runWith(java.base@25.0.3/Thread.java:1487)
	at java.lang.Thread.run(java.base@25.0.3/Thread.java:1474)

"RMI Reaper" #126 [12084] prio=5 os_prio=0 cpu=15.62ms elapsed=620.46s tid=0x0000022bea6627d0 nid=12084 in Object.wait()  [0x000000a95aaff000]
   java.lang.Thread.State: WAITING (on object monitor)
	at java.lang.Object.wait0(java.base@25.0.3/Native Method)
	- waiting on <no object reference available>
	at java.lang.Object.wait(java.base@25.0.3/Object.java:389)
	at java.lang.Object.wait(java.base@25.0.3/Object.java:351)
	at java.lang.ref.ReferenceQueue.remove0(java.base@25.0.3/ReferenceQueue.java:137)
	at java.lang.ref.ReferenceQueue.remove(java.base@25.0.3/ReferenceQueue.java:215)
	- locked <0x0000000089ba8ae0> (a java.lang.ref.ReferenceQueue$Lock)
	at sun.rmi.transport.ObjectTable$Reaper.run(java.rmi@25.0.3/ObjectTable.java:340)
	at java.lang.Thread.runWith(java.base@25.0.3/Thread.java:1487)
	at java.lang.Thread.run(java.base@25.0.3/Thread.java:1474)

"WorkerExecutor Queue Thread 14" #142 [10212] prio=5 os_prio=0 cpu=21515.62ms elapsed=618.95s tid=0x0000022bea64b8a0 nid=10212 runnable  [0x000000a95bbfd000]
   java.lang.Thread.State: RUNNABLE
	at sun.nio.fs.WindowsNativeDispatcher.CreateFile0(java.base@25.0.3/Native Method)
	at sun.nio.fs.WindowsNativeDispatcher.CreateFile(java.base@25.0.3/WindowsNativeDispatcher.java:70)
	at sun.nio.fs.WindowsChannelFactory.open(java.base@25.0.3/WindowsChannelFactory.java:288)
	at sun.nio.fs.WindowsChannelFactory.newFileChannel(java.base@25.0.3/WindowsChannelFactory.java:165)
	at sun.nio.fs.WindowsFileSystemProvider.checkReadAccess(java.base@25.0.3/WindowsFileSystemProvider.java:322)
	at sun.nio.fs.WindowsFileSystemProvider.checkAccess(java.base@25.0.3/WindowsFileSystemProvider.java:380)
	at sun.nio.fs.AbstractFileSystemProvider.isReadable(java.base@25.0.3/AbstractFileSystemProvider.java:125)
	at java.nio.file.Files.isReadable(java.base@25.0.3/Files.java:2374)
	at com.android.tools.lint.UastEnvironmentVirtualFileUtilsKt$collectFilePaths$1.visitFile(UastEnvironmentVirtualFileUtils.kt:137)
	at com.android.tools.lint.UastEnvironmentVirtualFileUtilsKt$collectFilePaths$1.visitFile(UastEnvironmentVirtualFileUtils.kt:131)
	at java.nio.file.Files.walkFileTree(java.base@25.0.3/Files.java:2543)
	at java.nio.file.Files.walkFileTree(java.base@25.0.3/Files.java:2609)
	at com.android.tools.lint.UastEnvironmentVirtualFileUtilsKt.collectFilePaths(UastEnvironmentVirtualFileUtils.kt:129)
	at com.android.tools.lint.UastEnvironmentVirtualFileUtilsKt.getFilePaths$fromFile(UastEnvironmentVirtualFileUtils.kt:61)
	at com.android.tools.lint.UastEnvironmentVirtualFileUtilsKt.getFilePaths(UastEnvironmentVirtualFileUtils.kt:83)
	at com.android.tools.lint.UastEnvironmentVirtualFileUtilsKt.getSourceFilePaths(UastEnvironmentVirtualFileUtils.kt:44)
	at com.android.tools.lint.UastEnvironmentVirtualFileUtilsKt.getSourceFilePaths$default(UastEnvironmentVirtualFileUtils.kt:43)
	at com.android.tools.lint.UastEnvironmentUtilsKt$configureAnalysisApiProjectStructure$1.invoke(UastEnvironmentUtils.kt:195)
	at com.android.tools.lint.UastEnvironmentUtilsKt$configureAnalysisApiProjectStructure$1.invoke(UastEnvironmentUtils.kt:175)
	at org.jetbrains.kotlin.analysis.api.standalone.StandaloneAnalysisAPISessionBuilder.buildKtModuleProvider(StandaloneAnalysisAPISessionBuilder.kt:308)
	at com.android.tools.lint.FirUastEnvironmentKt.createAnalysisSession(FirUastEnvironment.kt:142)
	at com.android.tools.lint.FirUastEnvironmentKt.access$createAnalysisSession(FirUastEnvironment.kt:1)
	at com.android.tools.lint.FirUastEnvironment$Companion.create(FirUastEnvironment.kt:92)
	at com.android.tools.lint.UastEnvironment$Companion.create(UastEnvironment.kt:153)
	at com.android.tools.lint.LintCliClient.initializeProjects(LintCliClient.kt:1299)
	at com.android.tools.lint.client.api.LintClient.performInitializeProjects$lint_api(LintClient.kt:952)
	at com.android.tools.lint.client.api.LintDriver.initializeProjectRoots(LintDriver.kt:554)
	at com.android.tools.lint.client.api.LintDriver.doAnalyze(LintDriver.kt:472)
	at com.android.tools.lint.client.api.LintDriver.analyzeOnly(LintDriver.kt:431)
	at com.android.tools.lint.LintCliClient$analyzeOnly$1.invoke(LintCliClient.kt:265)
	at com.android.tools.lint.LintCliClient$analyzeOnly$1.invoke(LintCliClient.kt:262)
	at com.android.tools.lint.LintCliClient.run(LintCliClient.kt:311)
	at com.android.tools.lint.LintCliClient.analyzeOnly(LintCliClient.kt:262)
	at com.android.tools.lint.Main.run(Main.java:1786)
	at com.android.tools.lint.Main.run(Main.java:287)
	at java.lang.invoke.LambdaForm$DMH/0x000000002a1e4400.invokeVirtual(java.base@25.0.3/LambdaForm$DMH)
	at java.lang.invoke.LambdaForm$MH/0x000000002c06c400.invoke(java.base@25.0.3/LambdaForm$MH)
	at java.lang.invoke.Invokers$Holder.invokeExact_MT(java.base@25.0.3/Invokers$Holder)
	at jdk.internal.reflect.DirectMethodHandleAccessor.invokeImpl(java.base@25.0.3/DirectMethodHandleAccessor.java:155)
	at jdk.internal.reflect.DirectMethodHandleAccessor.invoke(java.base@25.0.3/DirectMethodHandleAccessor.java:104)
	at java.lang.reflect.Method.invoke(java.base@25.0.3/Method.java:565)
	at com.android.build.gradle.internal.lint.AndroidLintWorkAction.invokeLintMainRunMethod(AndroidLintWorkAction.kt:103)
	at com.android.build.gradle.internal.lint.AndroidLintWorkAction.runLint(AndroidLintWorkAction.kt:90)
	at com.android.build.gradle.internal.lint.AndroidLintWorkAction.execute(AndroidLintWorkAction.kt:64)
	at org.gradle.workers.internal.DefaultWorkerServer.execute(DefaultWorkerServer.java:68)
	at org.gradle.workers.internal.NoIsolationWorkerFactory$1$1.create(NoIsolationWorkerFactory.java:64)
	at org.gradle.workers.internal.NoIsolationWorkerFactory$1$1.create(NoIsolationWorkerFactory.java:61)
	at org.gradle.internal.classloader.ClassLoaderUtils.executeInClassloader(ClassLoaderUtils.java:102)
	at org.gradle.workers.internal.NoIsolationWorkerFactory$1.lambda$execute$0(NoIsolationWorkerFactory.java:61)
	at org.gradle.workers.internal.NoIsolationWorkerFactory$1$$Lambda/0x000000002afe9418.execute(Unknown Source)
	at org.gradle.workers.internal.AbstractWorker$1.call(AbstractWorker.java:44)
	at org.gradle.workers.internal.AbstractWorker$1.call(AbstractWorker.java:41)
	at org.gradle.internal.operations.DefaultBuildOperationRunner$CallableBuildOperationWorker.execute(DefaultBuildOperationRunner.java:210)
	at org.gradle.internal.operations.DefaultBuildOperationRunner$CallableBuildOperationWorker.execute(DefaultBuildOperationRunner.java:205)
	at org.gradle.internal.operations.DefaultBuildOperationRunner$2.execute(DefaultBuildOperationRunner.java:67)
	at org.gradle.internal.operations.DefaultBuildOperationRunner$2.execute(DefaultBuildOperationRunner.java:60)
	at org.gradle.internal.operations.DefaultBuildOperationRunner.execute(DefaultBuildOperationRunner.java:167)
	at org.gradle.internal.operations.DefaultBuildOperationRunner.execute(DefaultBuildOperationRunner.java:60)
	at org.gradle.internal.operations.DefaultBuildOperationRunner.call(DefaultBuildOperationRunner.java:54)
	at org.gradle.workers.internal.AbstractWorker.executeWrappedInBuildOperation(AbstractWorker.java:41)
	at org.gradle.workers.internal.NoIsolationWorkerFactory$1.execute(NoIsolationWorkerFactory.java:58)
	at org.gradle.workers.internal.DefaultWorkerExecutor.lambda$submitWork$0(DefaultWorkerExecutor.java:174)
	at org.gradle.workers.internal.DefaultWorkerExecutor$$Lambda/0x000000002afcf5a8.call(Unknown Source)
	at java.util.concurrent.FutureTask.run(java.base@25.0.3/FutureTask.java:328)
	at org.gradle.internal.work.DefaultConditionalExecutionQueue$ExecutionRunner.runExecution(DefaultConditionalExecutionQueue.java:191)
	at org.gradle.internal.work.DefaultConditionalExecutionQueue$ExecutionRunner.access$500(DefaultConditionalExecutionQueue.java:112)
	at org.gradle.internal.work.DefaultConditionalExecutionQueue$ExecutionRunner$1.run(DefaultConditionalExecutionQueue.java:168)
	at org.gradle.internal.Factories$1.create(Factories.java:30)
	at org.gradle.internal.work.DefaultWorkerLeaseService.lambda$withLocksAcquired$0(DefaultWorkerLeaseService.java:280)
	at org.gradle.internal.work.DefaultWorkerLeaseService$$Lambda/0x000000002a298000.create(Unknown Source)
	at org.gradle.internal.work.ResourceLockStatistics$1.measure(ResourceLockStatistics.java:43)
	at org.gradle.internal.work.DefaultWorkerLeaseService.withLocksAcquired(DefaultWorkerLeaseService.java:278)
	at org.gradle.internal.work.DefaultWorkerLeaseService.withLocks(DefaultWorkerLeaseService.java:270)
	at org.gradle.internal.work.DefaultWorkerLeaseService.runAsWorkerThread(DefaultWorkerLeaseService.java:129)
	at org.gradle.internal.work.DefaultWorkerLeaseService.runAsWorkerThread(DefaultWorkerLeaseService.java:134)
	at org.gradle.internal.work.DefaultConditionalExecutionQueue$ExecutionRunner.runBatch(DefaultConditionalExecutionQueue.java:163)
	at org.gradle.internal.work.DefaultConditionalExecutionQueue$ExecutionRunner.run(DefaultConditionalExecutionQueue.java:125)
	at java.util.concurrent.Executors$RunnableAdapter.call(java.base@25.0.3/Executors.java:545)
	at java.util.concurrent.FutureTask.run(java.base@25.0.3/FutureTask.java:328)
	at org.gradle.internal.concurrent.ExecutorPolicy$CatchAndRecordFailures.onExecute(ExecutorPolicy.java:64)
	at org.gradle.internal.concurrent.AbstractManagedExecutor$1.run(AbstractManagedExecutor.java:47)
	at java.util.concurrent.ThreadPoolExecutor.runWorker(java.base@25.0.3/ThreadPoolExecutor.java:1090)
	at java.util.concurrent.ThreadPoolExecutor$Worker.run(java.base@25.0.3/ThreadPoolExecutor.java:614)
	at java.lang.Thread.runWith(java.base@25.0.3/Thread.java:1487)
	at java.lang.Thread.run(java.base@25.0.3/Thread.java:1474)

"Cache worker for Java compile cache (C:\Users\avira\.gradle\caches\9.5.0\javaCompile)" #179 [40548] prio=5 os_prio=0 cpu=328.12ms elapsed=566.09s tid=0x0000022bebc170c0 nid=40548 waiting on condition  [0x000000a9539fe000]
   java.lang.Thread.State: WAITING (parking)
	at jdk.internal.misc.Unsafe.park(java.base@25.0.3/Native Method)
	- parking to wait for  <0x000000008b8f8d00> (a java.util.concurrent.locks.AbstractQueuedSynchronizer$ConditionObject)
	at java.util.concurrent.locks.LockSupport.park(java.base@25.0.3/LockSupport.java:369)
	at java.util.concurrent.locks.AbstractQueuedSynchronizer$ConditionNode.block(java.base@25.0.3/AbstractQueuedSynchronizer.java:520)
	at java.util.concurrent.ForkJoinPool.unmanagedBlock(java.base@25.0.3/ForkJoinPool.java:4364)
	at java.util.concurrent.ForkJoinPool.managedBlock(java.base@25.0.3/ForkJoinPool.java:4310)
	at java.util.concurrent.locks.AbstractQueuedSynchronizer$ConditionObject.await(java.base@25.0.3/AbstractQueuedSynchronizer.java:1752)
	at java.util.concurrent.ArrayBlockingQueue.take(java.base@25.0.3/ArrayBlockingQueue.java:421)
	at org.gradle.cache.internal.ExclusiveCacheAccessingWorker.takeFromQueue(ExclusiveCacheAccessingWorker.java:163)
	at org.gradle.cache.internal.ExclusiveCacheAccessingWorker.run(ExclusiveCacheAccessingWorker.java:127)
	at org.gradle.internal.concurrent.ExecutorPolicy$CatchAndRecordFailures.onExecute(ExecutorPolicy.java:64)
	at org.gradle.internal.concurrent.AbstractManagedExecutor$1.run(AbstractManagedExecutor.java:47)
	at java.util.concurrent.ThreadPoolExecutor.runWorker(java.base@25.0.3/ThreadPoolExecutor.java:1090)
	at java.util.concurrent.ThreadPoolExecutor$Worker.run(java.base@25.0.3/ThreadPoolExecutor.java:614)
	at java.lang.Thread.runWith(java.base@25.0.3/Thread.java:1487)
	at java.lang.Thread.run(java.base@25.0.3/Thread.java:1474)

"WorkerExecutor Queue Thread 16" #180 [31236] prio=5 os_prio=0 cpu=1718.75ms elapsed=551.49s tid=0x0000022bebbfcae0 nid=31236 waiting on condition  [0x000000a9592fe000]
   java.lang.Thread.State: WAITING (parking)
	at jdk.internal.misc.Unsafe.park(java.base@25.0.3/Native Method)
	- parking to wait for  <0x0000000084937f58> (a java.util.concurrent.locks.AbstractQueuedSynchronizer$ConditionObject)
	at java.util.concurrent.locks.LockSupport.park(java.base@25.0.3/LockSupport.java:369)
	at java.util.concurrent.locks.AbstractQueuedSynchronizer$ConditionNode.block(java.base@25.0.3/AbstractQueuedSynchronizer.java:520)
	at java.util.concurrent.ForkJoinPool.unmanagedBlock(java.base@25.0.3/ForkJoinPool.java:4364)
	at java.util.concurrent.ForkJoinPool.managedBlock(java.base@25.0.3/ForkJoinPool.java:4310)
	at java.util.concurrent.locks.AbstractQueuedSynchronizer$ConditionObject.await(java.base@25.0.3/AbstractQueuedSynchronizer.java:1752)
	at org.gradle.internal.work.DefaultConditionalExecutionQueue$ExecutionRunner.waitForNextOperation(DefaultConditionalExecutionQueue.java:148)
	at org.gradle.internal.work.DefaultConditionalExecutionQueue$ExecutionRunner.run(DefaultConditionalExecutionQueue.java:124)
	at java.util.concurrent.Executors$RunnableAdapter.call(java.base@25.0.3/Executors.java:545)
	at java.util.concurrent.FutureTask.run(java.base@25.0.3/FutureTask.java:328)
	at org.gradle.internal.concurrent.ExecutorPolicy$CatchAndRecordFailures.onExecute(ExecutorPolicy.java:64)
	at org.gradle.internal.concurrent.AbstractManagedExecutor$1.run(AbstractManagedExecutor.java:47)
	at java.util.concurrent.ThreadPoolExecutor.runWorker(java.base@25.0.3/ThreadPoolExecutor.java:1090)
	at java.util.concurrent.ThreadPoolExecutor$Worker.run(java.base@25.0.3/ThreadPoolExecutor.java:614)
	at java.lang.Thread.runWith(java.base@25.0.3/Thread.java:1487)
	at java.lang.Thread.run(java.base@25.0.3/Thread.java:1474)

"Unconstrained build operations" #215 [12060] prio=5 os_prio=0 cpu=0.00ms elapsed=504.56s tid=0x0000022bebbfbb40 nid=12060 waiting on condition  [0x000000a95c6ff000]
   java.lang.Thread.State: WAITING (parking)
	at jdk.internal.misc.Unsafe.park(java.base@25.0.3/Native Method)
	- parking to wait for  <0x0000000081932218> (a java.util.concurrent.locks.AbstractQueuedSynchronizer$ConditionObject)
	at java.util.concurrent.locks.LockSupport.park(java.base@25.0.3/LockSupport.java:369)
	at java.util.concurrent.locks.AbstractQueuedSynchronizer$ConditionNode.block(java.base@25.0.3/AbstractQueuedSynchronizer.java:520)
	at java.util.concurrent.ForkJoinPool.unmanagedBlock(java.base@25.0.3/ForkJoinPool.java:4364)
	at java.util.concurrent.ForkJoinPool.managedBlock(java.base@25.0.3/ForkJoinPool.java:4310)
	at java.util.concurrent.locks.AbstractQueuedSynchronizer$ConditionObject.await(java.base@25.0.3/AbstractQueuedSynchronizer.java:1752)
	at java.util.concurrent.LinkedBlockingQueue.take(java.base@25.0.3/LinkedBlockingQueue.java:435)
	at java.util.concurrent.ThreadPoolExecutor.getTask(java.base@25.0.3/ThreadPoolExecutor.java:1016)
	at java.util.concurrent.ThreadPoolExecutor.runWorker(java.base@25.0.3/ThreadPoolExecutor.java:1076)
	at java.util.concurrent.ThreadPoolExecutor$Worker.run(java.base@25.0.3/ThreadPoolExecutor.java:614)
	at java.lang.Thread.runWith(java.base@25.0.3/Thread.java:1487)
	at java.lang.Thread.run(java.base@25.0.3/Thread.java:1474)

"Unconstrained build operations Thread 2" #216 [39364] prio=5 os_prio=0 cpu=0.00ms elapsed=504.56s tid=0x0000022bebc11300 nid=39364 waiting on condition  [0x000000a95c7ff000]
   java.lang.Thread.State: WAITING (parking)
	at jdk.internal.misc.Unsafe.park(java.base@25.0.3/Native Method)
	- parking to wait for  <0x0000000081932218> (a java.util.concurrent.locks.AbstractQueuedSynchronizer$ConditionObject)
	at java.util.concurrent.locks.LockSupport.park(java.base@25.0.3/LockSupport.java:369)
	at java.util.concurrent.locks.AbstractQueuedSynchronizer$ConditionNode.block(java.base@25.0.3/AbstractQueuedSynchronizer.java:520)
	at java.util.concurrent.ForkJoinPool.unmanagedBlock(java.base@25.0.3/ForkJoinPool.java:4364)
	at java.util.concurrent.ForkJoinPool.managedBlock(java.base@25.0.3/ForkJoinPool.java:4310)
	at java.util.concurrent.locks.AbstractQueuedSynchronizer$ConditionObject.await(java.base@25.0.3/AbstractQueuedSynchronizer.java:1752)
	at java.util.concurrent.LinkedBlockingQueue.take(java.base@25.0.3/LinkedBlockingQueue.java:435)
	at java.util.concurrent.ThreadPoolExecutor.getTask(java.base@25.0.3/ThreadPoolExecutor.java:1016)
	at java.util.concurrent.ThreadPoolExecutor.runWorker(java.base@25.0.3/ThreadPoolExecutor.java:1076)
	at java.util.concurrent.ThreadPoolExecutor$Worker.run(java.base@25.0.3/ThreadPoolExecutor.java:614)
	at java.lang.Thread.runWith(java.base@25.0.3/Thread.java:1487)
	at java.lang.Thread.run(java.base@25.0.3/Thread.java:1474)

"Unconstrained build operations Thread 3" #217 [31204] prio=5 os_prio=0 cpu=15.62ms elapsed=504.56s tid=0x0000022bebc18830 nid=31204 waiting on condition  [0x000000a95c8ff000]
   java.lang.Thread.State: WAITING (parking)
	at jdk.internal.misc.Unsafe.park(java.base@25.0.3/Native Method)
	- parking to wait for  <0x0000000081932218> (a java.util.concurrent.locks.AbstractQueuedSynchronizer$ConditionObject)
	at java.util.concurrent.locks.LockSupport.park(java.base@25.0.3/LockSupport.java:369)
	at java.util.concurrent.locks.AbstractQueuedSynchronizer$ConditionNode.block(java.base@25.0.3/AbstractQueuedSynchronizer.java:520)
	at java.util.concurrent.ForkJoinPool.unmanagedBlock(java.base@25.0.3/ForkJoinPool.java:4364)
	at java.util.concurrent.ForkJoinPool.managedBlock(java.base@25.0.3/ForkJoinPool.java:4310)
	at java.util.concurrent.locks.AbstractQueuedSynchronizer$ConditionObject.await(java.base@25.0.3/AbstractQueuedSynchronizer.java:1752)
	at java.util.concurrent.LinkedBlockingQueue.take(java.base@25.0.3/LinkedBlockingQueue.java:435)
	at java.util.concurrent.ThreadPoolExecutor.getTask(java.base@25.0.3/ThreadPoolExecutor.java:1016)
	at java.util.concurrent.ThreadPoolExecutor.runWorker(java.base@25.0.3/ThreadPoolExecutor.java:1076)
	at java.util.concurrent.ThreadPoolExecutor$Worker.run(java.base@25.0.3/ThreadPoolExecutor.java:614)
	at java.lang.Thread.runWith(java.base@25.0.3/Thread.java:1487)
	at java.lang.Thread.run(java.base@25.0.3/Thread.java:1474)

"Unconstrained build operations Thread 4" #218 [14672] prio=5 os_prio=0 cpu=0.00ms elapsed=504.56s tid=0x0000022bd95a4010 nid=14672 waiting on condition  [0x000000a95caff000]
   java.lang.Thread.State: WAITING (parking)
	at jdk.internal.misc.Unsafe.park(java.base@25.0.3/Native Method)
	- parking to wait for  <0x0000000081932218> (a java.util.concurrent.locks.AbstractQueuedSynchronizer$ConditionObject)
	at java.util.concurrent.locks.LockSupport.park(java.base@25.0.3/LockSupport.java:369)
	at java.util.concurrent.locks.AbstractQueuedSynchronizer$ConditionNode.block(java.base@25.0.3/AbstractQueuedSynchronizer.java:520)
	at java.util.concurrent.ForkJoinPool.unmanagedBlock(java.base@25.0.3/ForkJoinPool.java:4364)
	at java.util.concurrent.ForkJoinPool.managedBlock(java.base@25.0.3/ForkJoinPool.java:4310)
	at java.util.concurrent.locks.AbstractQueuedSynchronizer$ConditionObject.await(java.base@25.0.3/AbstractQueuedSynchronizer.java:1752)
	at java.util.concurrent.LinkedBlockingQueue.take(java.base@25.0.3/LinkedBlockingQueue.java:435)
	at java.util.concurrent.ThreadPoolExecutor.getTask(java.base@25.0.3/ThreadPoolExecutor.java:1016)
	at java.util.concurrent.ThreadPoolExecutor.runWorker(java.base@25.0.3/ThreadPoolExecutor.java:1076)
	at java.util.concurrent.ThreadPoolExecutor$Worker.run(java.base@25.0.3/ThreadPoolExecutor.java:614)
	at java.lang.Thread.runWith(java.base@25.0.3/Thread.java:1487)
	at java.lang.Thread.run(java.base@25.0.3/Thread.java:1474)

"Unconstrained build operations Thread 5" #219 [28760] prio=5 os_prio=0 cpu=0.00ms elapsed=504.56s tid=0x0000022bd95a47e0 nid=28760 waiting on condition  [0x000000a95ceff000]
   java.lang.Thread.State: WAITING (parking)
	at jdk.internal.misc.Unsafe.park(java.base@25.0.3/Native Method)
	- parking to wait for  <0x0000000081932218> (a java.util.concurrent.locks.AbstractQueuedSynchronizer$ConditionObject)
	at java.util.concurrent.locks.LockSupport.park(java.base@25.0.3/LockSupport.java:369)
	at java.util.concurrent.locks.AbstractQueuedSynchronizer$ConditionNode.block(java.base@25.0.3/AbstractQueuedSynchronizer.java:520)
	at java.util.concurrent.ForkJoinPool.unmanagedBlock(java.base@25.0.3/ForkJoinPool.java:4364)
	at java.util.concurrent.ForkJoinPool.managedBlock(java.base@25.0.3/ForkJoinPool.java:4310)
	at java.util.concurrent.locks.AbstractQueuedSynchronizer$ConditionObject.await(java.base@25.0.3/AbstractQueuedSynchronizer.java:1752)
	at java.util.concurrent.LinkedBlockingQueue.take(java.base@25.0.3/LinkedBlockingQueue.java:435)
	at java.util.concurrent.ThreadPoolExecutor.getTask(java.base@25.0.3/ThreadPoolExecutor.java:1016)
	at java.util.concurrent.ThreadPoolExecutor.runWorker(java.base@25.0.3/ThreadPoolExecutor.java:1076)
	at java.util.concurrent.ThreadPoolExecutor$Worker.run(java.base@25.0.3/ThreadPoolExecutor.java:614)
	at java.lang.Thread.runWith(java.base@25.0.3/Thread.java:1487)
	at java.lang.Thread.run(java.base@25.0.3/Thread.java:1474)

"Unconstrained build operations Thread 6" #220 [25028] prio=5 os_prio=0 cpu=0.00ms elapsed=504.56s tid=0x0000022bd95ab540 nid=25028 waiting on condition  [0x000000a95cfff000]
   java.lang.Thread.State: WAITING (parking)
	at jdk.internal.misc.Unsafe.park(java.base@25.0.3/Native Method)
	- parking to wait for  <0x0000000081932218> (a java.util.concurrent.locks.AbstractQueuedSynchronizer$ConditionObject)
	at java.util.concurrent.locks.LockSupport.park(java.base@25.0.3/LockSupport.java:369)
	at java.util.concurrent.locks.AbstractQueuedSynchronizer$ConditionNode.block(java.base@25.0.3/AbstractQueuedSynchronizer.java:520)
	at java.util.concurrent.ForkJoinPool.unmanagedBlock(java.base@25.0.3/ForkJoinPool.java:4364)
	at java.util.concurrent.ForkJoinPool.managedBlock(java.base@25.0.3/ForkJoinPool.java:4310)
	at java.util.concurrent.locks.AbstractQueuedSynchronizer$ConditionObject.await(java.base@25.0.3/AbstractQueuedSynchronizer.java:1752)
	at java.util.concurrent.LinkedBlockingQueue.take(java.base@25.0.3/LinkedBlockingQueue.java:435)
	at java.util.concurrent.ThreadPoolExecutor.getTask(java.base@25.0.3/ThreadPoolExecutor.java:1016)
	at java.util.concurrent.ThreadPoolExecutor.runWorker(java.base@25.0.3/ThreadPoolExecutor.java:1076)
	at java.util.concurrent.ThreadPoolExecutor$Worker.run(java.base@25.0.3/ThreadPoolExecutor.java:614)
	at java.lang.Thread.runWith(java.base@25.0.3/Thread.java:1487)
	at java.lang.Thread.run(java.base@25.0.3/Thread.java:1474)

"Unconstrained build operations Thread 7" #221 [21896] prio=5 os_prio=0 cpu=0.00ms elapsed=504.56s tid=0x0000022bd95b22a0 nid=21896 waiting on condition  [0x000000a95d0ff000]
   java.lang.Thread.State: WAITING (parking)
	at jdk.internal.misc.Unsafe.park(java.base@25.0.3/Native Method)
	- parking to wait for  <0x0000000081932218> (a java.util.concurrent.locks.AbstractQueuedSynchronizer$ConditionObject)
	at java.util.concurrent.locks.LockSupport.park(java.base@25.0.3/LockSupport.java:369)
	at java.util.concurrent.locks.AbstractQueuedSynchronizer$ConditionNode.block(java.base@25.0.3/AbstractQueuedSynchronizer.java:520)
	at java.util.concurrent.ForkJoinPool.unmanagedBlock(java.base@25.0.3/ForkJoinPool.java:4364)
	at java.util.concurrent.ForkJoinPool.managedBlock(java.base@25.0.3/ForkJoinPool.java:4310)
	at java.util.concurrent.locks.AbstractQueuedSynchronizer$ConditionObject.await(java.base@25.0.3/AbstractQueuedSynchronizer.java:1752)
	at java.util.concurrent.LinkedBlockingQueue.take(java.base@25.0.3/LinkedBlockingQueue.java:435)
	at java.util.concurrent.ThreadPoolExecutor.getTask(java.base@25.0.3/ThreadPoolExecutor.java:1016)
	at java.util.concurrent.ThreadPoolExecutor.runWorker(java.base@25.0.3/ThreadPoolExecutor.java:1076)
	at java.util.concurrent.ThreadPoolExecutor$Worker.run(java.base@25.0.3/ThreadPoolExecutor.java:614)
	at java.lang.Thread.runWith(java.base@25.0.3/Thread.java:1487)
	at java.lang.Thread.run(java.base@25.0.3/Thread.java:1474)

"Unconstrained build operations Thread 8" #222 [14708] prio=5 os_prio=0 cpu=0.00ms elapsed=504.56s tid=0x0000022bea64b0d0 nid=14708 waiting on condition  [0x000000a95d1ff000]
   java.lang.Thread.State: WAITING (parking)
	at jdk.internal.misc.Unsafe.park(java.base@25.0.3/Native Method)
	- parking to wait for  <0x0000000081932218> (a java.util.concurrent.locks.AbstractQueuedSynchronizer$ConditionObject)
	at java.util.concurrent.locks.LockSupport.park(java.base@25.0.3/LockSupport.java:369)
	at java.util.concurrent.locks.AbstractQueuedSynchronizer$ConditionNode.block(java.base@25.0.3/AbstractQueuedSynchronizer.java:520)
	at java.util.concurrent.ForkJoinPool.unmanagedBlock(java.base@25.0.3/ForkJoinPool.java:4364)
	at java.util.concurrent.ForkJoinPool.managedBlock(java.base@25.0.3/ForkJoinPool.java:4310)
	at java.util.concurrent.locks.AbstractQueuedSynchronizer$ConditionObject.await(java.base@25.0.3/AbstractQueuedSynchronizer.java:1752)
	at java.util.concurrent.LinkedBlockingQueue.take(java.base@25.0.3/LinkedBlockingQueue.java:435)
	at java.util.concurrent.ThreadPoolExecutor.getTask(java.base@25.0.3/ThreadPoolExecutor.java:1016)
	at java.util.concurrent.ThreadPoolExecutor.runWorker(java.base@25.0.3/ThreadPoolExecutor.java:1076)
	at java.util.concurrent.ThreadPoolExecutor$Worker.run(java.base@25.0.3/ThreadPoolExecutor.java:614)
	at java.lang.Thread.runWith(java.base@25.0.3/Thread.java:1487)
	at java.lang.Thread.run(java.base@25.0.3/Thread.java:1474)

"Unconstrained build operations Thread 9" #223 [26404] prio=5 os_prio=0 cpu=0.00ms elapsed=504.56s tid=0x0000022bea64ef50 nid=26404 waiting on condition  [0x000000a95d2fe000]
   java.lang.Thread.State: WAITING (parking)
	at jdk.internal.misc.Unsafe.park(java.base@25.0.3/Native Method)
	- parking to wait for  <0x0000000081932218> (a java.util.concurrent.locks.AbstractQueuedSynchronizer$ConditionObject)
	at java.util.concurrent.locks.LockSupport.park(java.base@25.0.3/LockSupport.java:369)
	at java.util.concurrent.locks.AbstractQueuedSynchronizer$ConditionNode.block(java.base@25.0.3/AbstractQueuedSynchronizer.java:520)
	at java.util.concurrent.ForkJoinPool.unmanagedBlock(java.base@25.0.3/ForkJoinPool.java:4364)
	at java.util.concurrent.ForkJoinPool.managedBlock(java.base@25.0.3/ForkJoinPool.java:4310)
	at java.util.concurrent.locks.AbstractQueuedSynchronizer$ConditionObject.await(java.base@25.0.3/AbstractQueuedSynchronizer.java:1752)
	at java.util.concurrent.LinkedBlockingQueue.take(java.base@25.0.3/LinkedBlockingQueue.java:435)
	at java.util.concurrent.ThreadPoolExecutor.getTask(java.base@25.0.3/ThreadPoolExecutor.java:1016)
	at java.util.concurrent.ThreadPoolExecutor.runWorker(java.base@25.0.3/ThreadPoolExecutor.java:1076)
	at java.util.concurrent.ThreadPoolExecutor$Worker.run(java.base@25.0.3/ThreadPoolExecutor.java:614)
	at java.lang.Thread.runWith(java.base@25.0.3/Thread.java:1487)
	at java.lang.Thread.run(java.base@25.0.3/Thread.java:1474)

"Unconstrained build operations Thread 10" #224 [33860] prio=5 os_prio=0 cpu=0.00ms elapsed=504.56s tid=0x0000022bea6506c0 nid=33860 waiting on condition  [0x000000a95d3ff000]
   java.lang.Thread.State: WAITING (parking)
	at jdk.internal.misc.Unsafe.park(java.base@25.0.3/Native Method)
	- parking to wait for  <0x0000000081932218> (a java.util.concurrent.locks.AbstractQueuedSynchronizer$ConditionObject)
	at java.util.concurrent.locks.LockSupport.park(java.base@25.0.3/LockSupport.java:369)
	at java.util.concurrent.locks.AbstractQueuedSynchronizer$ConditionNode.block(java.base@25.0.3/AbstractQueuedSynchronizer.java:520)
	at java.util.concurrent.ForkJoinPool.unmanagedBlock(java.base@25.0.3/ForkJoinPool.java:4364)
	at java.util.concurrent.ForkJoinPool.managedBlock(java.base@25.0.3/ForkJoinPool.java:4310)
	at java.util.concurrent.locks.AbstractQueuedSynchronizer$ConditionObject.await(java.base@25.0.3/AbstractQueuedSynchronizer.java:1752)
	at java.util.concurrent.LinkedBlockingQueue.take(java.base@25.0.3/LinkedBlockingQueue.java:435)
	at java.util.concurrent.ThreadPoolExecutor.getTask(java.base@25.0.3/ThreadPoolExecutor.java:1016)
	at java.util.concurrent.ThreadPoolExecutor.runWorker(java.base@25.0.3/ThreadPoolExecutor.java:1076)
	at java.util.concurrent.ThreadPoolExecutor$Worker.run(java.base@25.0.3/ThreadPoolExecutor.java:614)
	at java.lang.Thread.runWith(java.base@25.0.3/Thread.java:1487)
	at java.lang.Thread.run(java.base@25.0.3/Thread.java:1474)

"Unconstrained build operations Thread 11" #225 [26980] prio=5 os_prio=0 cpu=0.00ms elapsed=504.56s tid=0x0000022bd9690980 nid=26980 waiting on condition  [0x000000a95d4ff000]
   java.lang.Thread.State: WAITING (parking)
	at jdk.internal.misc.Unsafe.park(java.base@25.0.3/Native Method)
	- parking to wait for  <0x0000000081932218> (a java.util.concurrent.locks.AbstractQueuedSynchronizer$ConditionObject)
	at java.util.concurrent.locks.LockSupport.park(java.base@25.0.3/LockSupport.java:369)
	at java.util.concurrent.locks.AbstractQueuedSynchronizer$ConditionNode.block(java.base@25.0.3/AbstractQueuedSynchronizer.java:520)
	at java.util.concurrent.ForkJoinPool.unmanagedBlock(java.base@25.0.3/ForkJoinPool.java:4364)
	at java.util.concurrent.ForkJoinPool.managedBlock(java.base@25.0.3/ForkJoinPool.java:4310)
	at java.util.concurrent.locks.AbstractQueuedSynchronizer$ConditionObject.await(java.base@25.0.3/AbstractQueuedSynchronizer.java:1752)
	at java.util.concurrent.LinkedBlockingQueue.take(java.base@25.0.3/LinkedBlockingQueue.java:435)
	at java.util.concurrent.ThreadPoolExecutor.getTask(java.base@25.0.3/ThreadPoolExecutor.java:1016)
	at java.util.concurrent.ThreadPoolExecutor.runWorker(java.base@25.0.3/ThreadPoolExecutor.java:1076)
	at java.util.concurrent.ThreadPoolExecutor$Worker.run(java.base@25.0.3/ThreadPoolExecutor.java:614)
	at java.lang.Thread.runWith(java.base@25.0.3/Thread.java:1487)
	at java.lang.Thread.run(java.base@25.0.3/Thread.java:1474)

"Unconstrained build operations Thread 12" #226 [12040] prio=5 os_prio=0 cpu=0.00ms elapsed=504.56s tid=0x0000022bd968f210 nid=12040 waiting on condition  [0x000000a95d5fe000]
   java.lang.Thread.State: WAITING (parking)
	at jdk.internal.misc.Unsafe.park(java.base@25.0.3/Native Method)
	- parking to wait for  <0x0000000081932218> (a java.util.concurrent.locks.AbstractQueuedSynchronizer$ConditionObject)
	at java.util.concurrent.locks.LockSupport.park(java.base@25.0.3/LockSupport.java:369)
	at java.util.concurrent.locks.AbstractQueuedSynchronizer$ConditionNode.block(java.base@25.0.3/AbstractQueuedSynchronizer.java:520)
	at java.util.concurrent.ForkJoinPool.unmanagedBlock(java.base@25.0.3/ForkJoinPool.java:4364)
	at java.util.concurrent.ForkJoinPool.managedBlock(java.base@25.0.3/ForkJoinPool.java:4310)
	at java.util.concurrent.locks.AbstractQueuedSynchronizer$ConditionObject.await(java.base@25.0.3/AbstractQueuedSynchronizer.java:1752)
	at java.util.concurrent.LinkedBlockingQueue.take(java.base@25.0.3/LinkedBlockingQueue.java:435)
	at java.util.concurrent.ThreadPoolExecutor.getTask(java.base@25.0.3/ThreadPoolExecutor.java:1016)
	at java.util.concurrent.ThreadPoolExecutor.runWorker(java.base@25.0.3/ThreadPoolExecutor.java:1076)
	at java.util.concurrent.ThreadPoolExecutor$Worker.run(java.base@25.0.3/ThreadPoolExecutor.java:614)
	at java.lang.Thread.runWith(java.base@25.0.3/Thread.java:1487)
	at java.lang.Thread.run(java.base@25.0.3/Thread.java:1474)

"Unconstrained build operations Thread 13" #227 [31304] prio=5 os_prio=0 cpu=15.62ms elapsed=504.56s tid=0x0000022bd9696740 nid=31304 waiting on condition  [0x000000a95d6ff000]
   java.lang.Thread.State: WAITING (parking)
	at jdk.internal.misc.Unsafe.park(java.base@25.0.3/Native Method)
	- parking to wait for  <0x0000000081932218> (a java.util.concurrent.locks.AbstractQueuedSynchronizer$ConditionObject)
	at java.util.concurrent.locks.LockSupport.park(java.base@25.0.3/LockSupport.java:369)
	at java.util.concurrent.locks.AbstractQueuedSynchronizer$ConditionNode.block(java.base@25.0.3/AbstractQueuedSynchronizer.java:520)
	at java.util.concurrent.ForkJoinPool.unmanagedBlock(java.base@25.0.3/ForkJoinPool.java:4364)
	at java.util.concurrent.ForkJoinPool.managedBlock(java.base@25.0.3/ForkJoinPool.java:4310)
	at java.util.concurrent.locks.AbstractQueuedSynchronizer$ConditionObject.await(java.base@25.0.3/AbstractQueuedSynchronizer.java:1752)
	at java.util.concurrent.LinkedBlockingQueue.take(java.base@25.0.3/LinkedBlockingQueue.java:435)
	at java.util.concurrent.ThreadPoolExecutor.getTask(java.base@25.0.3/ThreadPoolExecutor.java:1016)
	at java.util.concurrent.ThreadPoolExecutor.runWorker(java.base@25.0.3/ThreadPoolExecutor.java:1076)
	at java.util.concurrent.ThreadPoolExecutor$Worker.run(java.base@25.0.3/ThreadPoolExecutor.java:614)
	at java.lang.Thread.runWith(java.base@25.0.3/Thread.java:1487)
	at java.lang.Thread.run(java.base@25.0.3/Thread.java:1474)

"Unconstrained build operations Thread 14" #228 [7724] prio=5 os_prio=0 cpu=0.00ms elapsed=504.56s tid=0x0000022bd3fd0290 nid=7724 waiting on condition  [0x000000a95d7fe000]
   java.lang.Thread.State: WAITING (parking)
	at jdk.internal.misc.Unsafe.park(java.base@25.0.3/Native Method)
	- parking to wait for  <0x0000000081932218> (a java.util.concurrent.locks.AbstractQueuedSynchronizer$ConditionObject)
	at java.util.concurrent.locks.LockSupport.park(java.base@25.0.3/LockSupport.java:369)
	at java.util.concurrent.locks.AbstractQueuedSynchronizer$ConditionNode.block(java.base@25.0.3/AbstractQueuedSynchronizer.java:520)
	at java.util.concurrent.ForkJoinPool.unmanagedBlock(java.base@25.0.3/ForkJoinPool.java:4364)
	at java.util.concurrent.ForkJoinPool.managedBlock(java.base@25.0.3/ForkJoinPool.java:4310)
	at java.util.concurrent.locks.AbstractQueuedSynchronizer$ConditionObject.await(java.base@25.0.3/AbstractQueuedSynchronizer.java:1752)
	at java.util.concurrent.LinkedBlockingQueue.take(java.base@25.0.3/LinkedBlockingQueue.java:435)
	at java.util.concurrent.ThreadPoolExecutor.getTask(java.base@25.0.3/ThreadPoolExecutor.java:1016)
	at java.util.concurrent.ThreadPoolExecutor.runWorker(java.base@25.0.3/ThreadPoolExecutor.java:1076)
	at java.util.concurrent.ThreadPoolExecutor$Worker.run(java.base@25.0.3/ThreadPoolExecutor.java:614)
	at java.lang.Thread.runWith(java.base@25.0.3/Thread.java:1487)
	at java.lang.Thread.run(java.base@25.0.3/Thread.java:1474)

"Unconstrained build operations Thread 15" #229 [32644] prio=5 os_prio=0 cpu=0.00ms elapsed=504.56s tid=0x0000022bd3fd3940 nid=32644 waiting on condition  [0x000000a95d8ff000]
   java.lang.Thread.State: WAITING (parking)
	at jdk.internal.misc.Unsafe.park(java.base@25.0.3/Native Method)
	- parking to wait for  <0x0000000081932218> (a java.util.concurrent.locks.AbstractQueuedSynchronizer$ConditionObject)
	at java.util.concurrent.locks.LockSupport.park(java.base@25.0.3/LockSupport.java:369)
	at java.util.concurrent.locks.AbstractQueuedSynchronizer$ConditionNode.block(java.base@25.0.3/AbstractQueuedSynchronizer.java:520)
	at java.util.concurrent.ForkJoinPool.unmanagedBlock(java.base@25.0.3/ForkJoinPool.java:4364)
	at java.util.concurrent.ForkJoinPool.managedBlock(java.base@25.0.3/ForkJoinPool.java:4310)
	at java.util.concurrent.locks.AbstractQueuedSynchronizer$ConditionObject.await(java.base@25.0.3/AbstractQueuedSynchronizer.java:1752)
	at java.util.concurrent.LinkedBlockingQueue.take(java.base@25.0.3/LinkedBlockingQueue.java:435)
	at java.util.concurrent.ThreadPoolExecutor.getTask(java.base@25.0.3/ThreadPoolExecutor.java:1016)
	at java.util.concurrent.ThreadPoolExecutor.runWorker(java.base@25.0.3/ThreadPoolExecutor.java:1076)
	at java.util.concurrent.ThreadPoolExecutor$Worker.run(java.base@25.0.3/ThreadPoolExecutor.java:614)
	at java.lang.Thread.runWith(java.base@25.0.3/Thread.java:1487)
	at java.lang.Thread.run(java.base@25.0.3/Thread.java:1474)

"Unconstrained build operations Thread 16" #230 [34212] prio=5 os_prio=0 cpu=0.00ms elapsed=504.56s tid=0x0000022bd3fd48e0 nid=34212 waiting on condition  [0x000000a95d9ff000]
   java.lang.Thread.State: WAITING (parking)
	at jdk.internal.misc.Unsafe.park(java.base@25.0.3/Native Method)
	- parking to wait for  <0x0000000081932218> (a java.util.concurrent.locks.AbstractQueuedSynchronizer$ConditionObject)
	at java.util.concurrent.locks.LockSupport.park(java.base@25.0.3/LockSupport.java:369)
	at java.util.concurrent.locks.AbstractQueuedSynchronizer$ConditionNode.block(java.base@25.0.3/AbstractQueuedSynchronizer.java:520)
	at java.util.concurrent.ForkJoinPool.unmanagedBlock(java.base@25.0.3/ForkJoinPool.java:4364)
	at java.util.concurrent.ForkJoinPool.managedBlock(java.base@25.0.3/ForkJoinPool.java:4310)
	at java.util.concurrent.locks.AbstractQueuedSynchronizer$ConditionObject.await(java.base@25.0.3/AbstractQueuedSynchronizer.java:1752)
	at java.util.concurrent.LinkedBlockingQueue.take(java.base@25.0.3/LinkedBlockingQueue.java:435)
	at java.util.concurrent.ThreadPoolExecutor.getTask(java.base@25.0.3/ThreadPoolExecutor.java:1016)
	at java.util.concurrent.ThreadPoolExecutor.runWorker(java.base@25.0.3/ThreadPoolExecutor.java:1076)
	at java.util.concurrent.ThreadPoolExecutor$Worker.run(java.base@25.0.3/ThreadPoolExecutor.java:614)
	at java.lang.Thread.runWith(java.base@25.0.3/Thread.java:1487)
	at java.lang.Thread.run(java.base@25.0.3/Thread.java:1474)

"Unconstrained build operations Thread 17" #231 [27720] prio=5 os_prio=0 cpu=0.00ms elapsed=504.56s tid=0x0000022bcff973b0 nid=27720 waiting on condition  [0x000000a95dafe000]
   java.lang.Thread.State: WAITING (parking)
	at jdk.internal.misc.Unsafe.park(java.base@25.0.3/Native Method)
	- parking to wait for  <0x0000000081932218> (a java.util.concurrent.locks.AbstractQueuedSynchronizer$ConditionObject)
	at java.util.concurrent.locks.LockSupport.park(java.base@25.0.3/LockSupport.java:369)
	at java.util.concurrent.locks.AbstractQueuedSynchronizer$ConditionNode.block(java.base@25.0.3/AbstractQueuedSynchronizer.java:520)
	at java.util.concurrent.ForkJoinPool.unmanagedBlock(java.base@25.0.3/ForkJoinPool.java:4364)
	at java.util.concurrent.ForkJoinPool.managedBlock(java.base@25.0.3/ForkJoinPool.java:4310)
	at java.util.concurrent.locks.AbstractQueuedSynchronizer$ConditionObject.await(java.base@25.0.3/AbstractQueuedSynchronizer.java:1752)
	at java.util.concurrent.LinkedBlockingQueue.take(java.base@25.0.3/LinkedBlockingQueue.java:435)
	at java.util.concurrent.ThreadPoolExecutor.getTask(java.base@25.0.3/ThreadPoolExecutor.java:1016)
	at java.util.concurrent.ThreadPoolExecutor.runWorker(java.base@25.0.3/ThreadPoolExecutor.java:1076)
	at java.util.concurrent.ThreadPoolExecutor$Worker.run(java.base@25.0.3/ThreadPoolExecutor.java:614)
	at java.lang.Thread.runWith(java.base@25.0.3/Thread.java:1487)
	at java.lang.Thread.run(java.base@25.0.3/Thread.java:1474)

"Unconstrained build operations Thread 18" #232 [15272] prio=5 os_prio=0 cpu=0.00ms elapsed=504.56s tid=0x0000022be3ecd730 nid=15272 waiting on condition  [0x000000a95dbff000]
   java.lang.Thread.State: WAITING (parking)
	at jdk.internal.misc.Unsafe.park(java.base@25.0.3/Native Method)
	- parking to wait for  <0x0000000081932218> (a java.util.concurrent.locks.AbstractQueuedSynchronizer$ConditionObject)
	at java.util.concurrent.locks.LockSupport.park(java.base@25.0.3/LockSupport.java:369)
	at java.util.concurrent.locks.AbstractQueuedSynchronizer$ConditionNode.block(java.base@25.0.3/AbstractQueuedSynchronizer.java:520)
	at java.util.concurrent.ForkJoinPool.unmanagedBlock(java.base@25.0.3/ForkJoinPool.java:4364)
	at java.util.concurrent.ForkJoinPool.managedBlock(java.base@25.0.3/ForkJoinPool.java:4310)
	at java.util.concurrent.locks.AbstractQueuedSynchronizer$ConditionObject.await(java.base@25.0.3/AbstractQueuedSynchronizer.java:1752)
	at java.util.concurrent.LinkedBlockingQueue.take(java.base@25.0.3/LinkedBlockingQueue.java:435)
	at java.util.concurrent.ThreadPoolExecutor.getTask(java.base@25.0.3/ThreadPoolExecutor.java:1016)
	at java.util.concurrent.ThreadPoolExecutor.runWorker(java.base@25.0.3/ThreadPoolExecutor.java:1076)
	at java.util.concurrent.ThreadPoolExecutor$Worker.run(java.base@25.0.3/ThreadPoolExecutor.java:614)
	at java.lang.Thread.runWith(java.base@25.0.3/Thread.java:1487)
	at java.lang.Thread.run(java.base@25.0.3/Thread.java:1474)

"Unconstrained build operations Thread 19" #233 [23624] prio=5 os_prio=0 cpu=0.00ms elapsed=504.56s tid=0x0000022be3ecbfc0 nid=23624 waiting on condition  [0x000000a95dcff000]
   java.lang.Thread.State: WAITING (parking)
	at jdk.internal.misc.Unsafe.park(java.base@25.0.3/Native Method)
	- parking to wait for  <0x0000000081932218> (a java.util.concurrent.locks.AbstractQueuedSynchronizer$ConditionObject)
	at java.util.concurrent.locks.LockSupport.park(java.base@25.0.3/LockSupport.java:369)
	at java.util.concurrent.locks.AbstractQueuedSynchronizer$ConditionNode.block(java.base@25.0.3/AbstractQueuedSynchronizer.java:520)
	at java.util.concurrent.ForkJoinPool.unmanagedBlock(java.base@25.0.3/ForkJoinPool.java:4364)
	at java.util.concurrent.ForkJoinPool.managedBlock(java.base@25.0.3/ForkJoinPool.java:4310)
	at java.util.concurrent.locks.AbstractQueuedSynchronizer$ConditionObject.await(java.base@25.0.3/AbstractQueuedSynchronizer.java:1752)
	at java.util.concurrent.LinkedBlockingQueue.take(java.base@25.0.3/LinkedBlockingQueue.java:435)
	at java.util.concurrent.ThreadPoolExecutor.getTask(java.base@25.0.3/ThreadPoolExecutor.java:1016)
	at java.util.concurrent.ThreadPoolExecutor.runWorker(java.base@25.0.3/ThreadPoolExecutor.java:1076)
	at java.util.concurrent.ThreadPoolExecutor$Worker.run(java.base@25.0.3/ThreadPoolExecutor.java:614)
	at java.lang.Thread.runWith(java.base@25.0.3/Thread.java:1487)
	at java.lang.Thread.run(java.base@25.0.3/Thread.java:1474)

"Unconstrained build operations Thread 20" #234 [38648] prio=5 os_prio=0 cpu=0.00ms elapsed=504.56s tid=0x0000022bcd5cc7e0 nid=38648 waiting on condition  [0x000000a95ddff000]
   java.lang.Thread.State: WAITING (parking)
	at jdk.internal.misc.Unsafe.park(java.base@25.0.3/Native Method)
	- parking to wait for  <0x0000000081932218> (a java.util.concurrent.locks.AbstractQueuedSynchronizer$ConditionObject)
	at java.util.concurrent.locks.LockSupport.park(java.base@25.0.3/LockSupport.java:369)
	at java.util.concurrent.locks.AbstractQueuedSynchronizer$ConditionNode.block(java.base@25.0.3/AbstractQueuedSynchronizer.java:520)
	at java.util.concurrent.ForkJoinPool.unmanagedBlock(java.base@25.0.3/ForkJoinPool.java:4364)
	at java.util.concurrent.ForkJoinPool.managedBlock(java.base@25.0.3/ForkJoinPool.java:4310)
	at java.util.concurrent.locks.AbstractQueuedSynchronizer$ConditionObject.await(java.base@25.0.3/AbstractQueuedSynchronizer.java:1752)
	at java.util.concurrent.LinkedBlockingQueue.take(java.base@25.0.3/LinkedBlockingQueue.java:435)
	at java.util.concurrent.ThreadPoolExecutor.getTask(java.base@25.0.3/ThreadPoolExecutor.java:1016)
	at java.util.concurrent.ThreadPoolExecutor.runWorker(java.base@25.0.3/ThreadPoolExecutor.java:1076)
	at java.util.concurrent.ThreadPoolExecutor$Worker.run(java.base@25.0.3/ThreadPoolExecutor.java:614)
	at java.lang.Thread.runWith(java.base@25.0.3/Thread.java:1487)
	at java.lang.Thread.run(java.base@25.0.3/Thread.java:1474)

"Unconstrained build operations Thread 21" #235 [13932] prio=5 os_prio=0 cpu=0.00ms elapsed=504.56s tid=0x0000022bcd5d0660 nid=13932 waiting on condition  [0x000000a95deff000]
   java.lang.Thread.State: WAITING (parking)
	at jdk.internal.misc.Unsafe.park(java.base@25.0.3/Native Method)
	- parking to wait for  <0x0000000081932218> (a java.util.concurrent.locks.AbstractQueuedSynchronizer$ConditionObject)
	at java.util.concurrent.locks.LockSupport.park(java.base@25.0.3/LockSupport.java:369)
	at java.util.concurrent.locks.AbstractQueuedSynchronizer$ConditionNode.block(java.base@25.0.3/AbstractQueuedSynchronizer.java:520)
	at java.util.concurrent.ForkJoinPool.unmanagedBlock(java.base@25.0.3/ForkJoinPool.java:4364)
	at java.util.concurrent.ForkJoinPool.managedBlock(java.base@25.0.3/ForkJoinPool.java:4310)
	at java.util.concurrent.locks.AbstractQueuedSynchronizer$ConditionObject.await(java.base@25.0.3/AbstractQueuedSynchronizer.java:1752)
	at java.util.concurrent.LinkedBlockingQueue.take(java.base@25.0.3/LinkedBlockingQueue.java:435)
	at java.util.concurrent.ThreadPoolExecutor.getTask(java.base@25.0.3/ThreadPoolExecutor.java:1016)
	at java.util.concurrent.ThreadPoolExecutor.runWorker(java.base@25.0.3/ThreadPoolExecutor.java:1076)
	at java.util.concurrent.ThreadPoolExecutor$Worker.run(java.base@25.0.3/ThreadPoolExecutor.java:614)
	at java.lang.Thread.runWith(java.base@25.0.3/Thread.java:1487)
	at java.lang.Thread.run(java.base@25.0.3/Thread.java:1474)

"Unconstrained build operations Thread 22" #236 [21204] prio=5 os_prio=0 cpu=0.00ms elapsed=504.56s tid=0x0000022bd069c120 nid=21204 waiting on condition  [0x000000a95dfff000]
   java.lang.Thread.State: WAITING (parking)
	at jdk.internal.misc.Unsafe.park(java.base@25.0.3/Native Method)
	- parking to wait for  <0x0000000081932218> (a java.util.concurrent.locks.AbstractQueuedSynchronizer$ConditionObject)
	at java.util.concurrent.locks.LockSupport.park(java.base@25.0.3/LockSupport.java:369)
	at java.util.concurrent.locks.AbstractQueuedSynchronizer$ConditionNode.block(java.base@25.0.3/AbstractQueuedSynchronizer.java:520)
	at java.util.concurrent.ForkJoinPool.unmanagedBlock(java.base@25.0.3/ForkJoinPool.java:4364)
	at java.util.concurrent.ForkJoinPool.managedBlock(java.base@25.0.3/ForkJoinPool.java:4310)
	at java.util.concurrent.locks.AbstractQueuedSynchronizer$ConditionObject.await(java.base@25.0.3/AbstractQueuedSynchronizer.java:1752)
	at java.util.concurrent.LinkedBlockingQueue.take(java.base@25.0.3/LinkedBlockingQueue.java:435)
	at java.util.concurrent.ThreadPoolExecutor.getTask(java.base@25.0.3/ThreadPoolExecutor.java:1016)
	at java.util.concurrent.ThreadPoolExecutor.runWorker(java.base@25.0.3/ThreadPoolExecutor.java:1076)
	at java.util.concurrent.ThreadPoolExecutor$Worker.run(java.base@25.0.3/ThreadPoolExecutor.java:614)
	at java.lang.Thread.runWith(java.base@25.0.3/Thread.java:1487)
	at java.lang.Thread.run(java.base@25.0.3/Thread.java:1474)

"Unconstrained build operations Thread 23" #237 [38332] prio=5 os_prio=0 cpu=0.00ms elapsed=504.56s tid=0x0000022bd069ffa0 nid=38332 waiting on condition  [0x000000a95e0fe000]
   java.lang.Thread.State: WAITING (parking)
	at jdk.internal.misc.Unsafe.park(java.base@25.0.3/Native Method)
	- parking to wait for  <0x0000000081932218> (a java.util.concurrent.locks.AbstractQueuedSynchronizer$ConditionObject)
	at java.util.concurrent.locks.LockSupport.park(java.base@25.0.3/LockSupport.java:369)
	at java.util.concurrent.locks.AbstractQueuedSynchronizer$ConditionNode.block(java.base@25.0.3/AbstractQueuedSynchronizer.java:520)
	at java.util.concurrent.ForkJoinPool.unmanagedBlock(java.base@25.0.3/ForkJoinPool.java:4364)
	at java.util.concurrent.ForkJoinPool.managedBlock(java.base@25.0.3/ForkJoinPool.java:4310)
	at java.util.concurrent.locks.AbstractQueuedSynchronizer$ConditionObject.await(java.base@25.0.3/AbstractQueuedSynchronizer.java:1752)
	at java.util.concurrent.LinkedBlockingQueue.take(java.base@25.0.3/LinkedBlockingQueue.java:435)
	at java.util.concurrent.ThreadPoolExecutor.getTask(java.base@25.0.3/ThreadPoolExecutor.java:1016)
	at java.util.concurrent.ThreadPoolExecutor.runWorker(java.base@25.0.3/ThreadPoolExecutor.java:1076)
	at java.util.concurrent.ThreadPoolExecutor$Worker.run(java.base@25.0.3/ThreadPoolExecutor.java:614)
	at java.lang.Thread.runWith(java.base@25.0.3/Thread.java:1487)
	at java.lang.Thread.run(java.base@25.0.3/Thread.java:1474)

"Unconstrained build operations Thread 24" #238 [37184] prio=5 os_prio=0 cpu=0.00ms elapsed=504.56s tid=0x0000022bcee47b60 nid=37184 waiting on condition  [0x000000a95e1fe000]
   java.lang.Thread.State: WAITING (parking)
	at jdk.internal.misc.Unsafe.park(java.base@25.0.3/Native Method)
	- parking to wait for  <0x0000000081932218> (a java.util.concurrent.locks.AbstractQueuedSynchronizer$ConditionObject)
	at java.util.concurrent.locks.LockSupport.park(java.base@25.0.3/LockSupport.java:369)
	at java.util.concurrent.locks.AbstractQueuedSynchronizer$ConditionNode.block(java.base@25.0.3/AbstractQueuedSynchronizer.java:520)
	at java.util.concurrent.ForkJoinPool.unmanagedBlock(java.base@25.0.3/ForkJoinPool.java:4364)
	at java.util.concurrent.ForkJoinPool.managedBlock(java.base@25.0.3/ForkJoinPool.java:4310)
	at java.util.concurrent.locks.AbstractQueuedSynchronizer$ConditionObject.await(java.base@25.0.3/AbstractQueuedSynchronizer.java:1752)
	at java.util.concurrent.LinkedBlockingQueue.take(java.base@25.0.3/LinkedBlockingQueue.java:435)
	at java.util.concurrent.ThreadPoolExecutor.getTask(java.base@25.0.3/ThreadPoolExecutor.java:1016)
	at java.util.concurrent.ThreadPoolExecutor.runWorker(java.base@25.0.3/ThreadPoolExecutor.java:1076)
	at java.util.concurrent.ThreadPoolExecutor$Worker.run(java.base@25.0.3/ThreadPoolExecutor.java:614)
	at java.lang.Thread.runWith(java.base@25.0.3/Thread.java:1487)
	at java.lang.Thread.run(java.base@25.0.3/Thread.java:1474)

"Unconstrained build operations Thread 25" #239 [9256] prio=5 os_prio=0 cpu=0.00ms elapsed=504.56s tid=0x0000022bc7e66a10 nid=9256 waiting on condition  [0x000000a95e2fe000]
   java.lang.Thread.State: WAITING (parking)
	at jdk.internal.misc.Unsafe.park(java.base@25.0.3/Native Method)
	- parking to wait for  <0x0000000081932218> (a java.util.concurrent.locks.AbstractQueuedSynchronizer$ConditionObject)
	at java.util.concurrent.locks.LockSupport.park(java.base@25.0.3/LockSupport.java:369)
	at java.util.concurrent.locks.AbstractQueuedSynchronizer$ConditionNode.block(java.base@25.0.3/AbstractQueuedSynchronizer.java:520)
	at java.util.concurrent.ForkJoinPool.unmanagedBlock(java.base@25.0.3/ForkJoinPool.java:4364)
	at java.util.concurrent.ForkJoinPool.managedBlock(java.base@25.0.3/ForkJoinPool.java:4310)
	at java.util.concurrent.locks.AbstractQueuedSynchronizer$ConditionObject.await(java.base@25.0.3/AbstractQueuedSynchronizer.java:1752)
	at java.util.concurrent.LinkedBlockingQueue.take(java.base@25.0.3/LinkedBlockingQueue.java:435)
	at java.util.concurrent.ThreadPoolExecutor.getTask(java.base@25.0.3/ThreadPoolExecutor.java:1016)
	at java.util.concurrent.ThreadPoolExecutor.runWorker(java.base@25.0.3/ThreadPoolExecutor.java:1076)
	at java.util.concurrent.ThreadPoolExecutor$Worker.run(java.base@25.0.3/ThreadPoolExecutor.java:614)
	at java.lang.Thread.runWith(java.base@25.0.3/Thread.java:1487)
	at java.lang.Thread.run(java.base@25.0.3/Thread.java:1474)

"Unconstrained build operations Thread 26" #240 [27452] prio=5 os_prio=0 cpu=0.00ms elapsed=504.56s tid=0x0000022bef6bf710 nid=27452 waiting on condition  [0x000000a95e3ff000]
   java.lang.Thread.State: WAITING (parking)
	at jdk.internal.misc.Unsafe.park(java.base@25.0.3/Native Method)
	- parking to wait for  <0x0000000081932218> (a java.util.concurrent.locks.AbstractQueuedSynchronizer$ConditionObject)
	at java.util.concurrent.locks.LockSupport.park(java.base@25.0.3/LockSupport.java:369)
	at java.util.concurrent.locks.AbstractQueuedSynchronizer$ConditionNode.block(java.base@25.0.3/AbstractQueuedSynchronizer.java:520)
	at java.util.concurrent.ForkJoinPool.unmanagedBlock(java.base@25.0.3/ForkJoinPool.java:4364)
	at java.util.concurrent.ForkJoinPool.managedBlock(java.base@25.0.3/ForkJoinPool.java:4310)
	at java.util.concurrent.locks.AbstractQueuedSynchronizer$ConditionObject.await(java.base@25.0.3/AbstractQueuedSynchronizer.java:1752)
	at java.util.concurrent.LinkedBlockingQueue.take(java.base@25.0.3/LinkedBlockingQueue.java:435)
	at java.util.concurrent.ThreadPoolExecutor.getTask(java.base@25.0.3/ThreadPoolExecutor.java:1016)
	at java.util.concurrent.ThreadPoolExecutor.runWorker(java.base@25.0.3/ThreadPoolExecutor.java:1076)
	at java.util.concurrent.ThreadPoolExecutor$Worker.run(java.base@25.0.3/ThreadPoolExecutor.java:614)
	at java.lang.Thread.runWith(java.base@25.0.3/Thread.java:1487)
	at java.lang.Thread.run(java.base@25.0.3/Thread.java:1474)

"Unconstrained build operations Thread 27" #241 [18560] prio=5 os_prio=0 cpu=0.00ms elapsed=504.56s tid=0x0000022bef6bdfa0 nid=18560 waiting on condition  [0x000000a95e4ff000]
   java.lang.Thread.State: WAITING (parking)
	at jdk.internal.misc.Unsafe.park(java.base@25.0.3/Native Method)
	- parking to wait for  <0x0000000081932218> (a java.util.concurrent.locks.AbstractQueuedSynchronizer$ConditionObject)
	at java.util.concurrent.locks.LockSupport.park(java.base@25.0.3/LockSupport.java:369)
	at java.util.concurrent.locks.AbstractQueuedSynchronizer$ConditionNode.block(java.base@25.0.3/AbstractQueuedSynchronizer.java:520)
	at java.util.concurrent.ForkJoinPool.unmanagedBlock(java.base@25.0.3/ForkJoinPool.java:4364)
	at java.util.concurrent.ForkJoinPool.managedBlock(java.base@25.0.3/ForkJoinPool.java:4310)
	at java.util.concurrent.locks.AbstractQueuedSynchronizer$ConditionObject.await(java.base@25.0.3/AbstractQueuedSynchronizer.java:1752)
	at java.util.concurrent.LinkedBlockingQueue.take(java.base@25.0.3/LinkedBlockingQueue.java:435)
	at java.util.concurrent.ThreadPoolExecutor.getTask(java.base@25.0.3/ThreadPoolExecutor.java:1016)
	at java.util.concurrent.ThreadPoolExecutor.runWorker(java.base@25.0.3/ThreadPoolExecutor.java:1076)
	at java.util.concurrent.ThreadPoolExecutor$Worker.run(java.base@25.0.3/ThreadPoolExecutor.java:614)
	at java.lang.Thread.runWith(java.base@25.0.3/Thread.java:1487)
	at java.lang.Thread.run(java.base@25.0.3/Thread.java:1474)

"Unconstrained build operations Thread 28" #242 [5412] prio=5 os_prio=0 cpu=0.00ms elapsed=504.56s tid=0x0000022bef6bd000 nid=5412 waiting on condition  [0x000000a95e5ff000]
   java.lang.Thread.State: WAITING (parking)
	at jdk.internal.misc.Unsafe.park(java.base@25.0.3/Native Method)
	- parking to wait for  <0x0000000081932218> (a java.util.concurrent.locks.AbstractQueuedSynchronizer$ConditionObject)
	at java.util.concurrent.locks.LockSupport.park(java.base@25.0.3/LockSupport.java:369)
	at java.util.concurrent.locks.AbstractQueuedSynchronizer$ConditionNode.block(java.base@25.0.3/AbstractQueuedSynchronizer.java:520)
	at java.util.concurrent.ForkJoinPool.unmanagedBlock(java.base@25.0.3/ForkJoinPool.java:4364)
	at java.util.concurrent.ForkJoinPool.managedBlock(java.base@25.0.3/ForkJoinPool.java:4310)
	at java.util.concurrent.locks.AbstractQueuedSynchronizer$ConditionObject.await(java.base@25.0.3/AbstractQueuedSynchronizer.java:1752)
	at java.util.concurrent.LinkedBlockingQueue.take(java.base@25.0.3/LinkedBlockingQueue.java:435)
	at java.util.concurrent.ThreadPoolExecutor.getTask(java.base@25.0.3/ThreadPoolExecutor.java:1016)
	at java.util.concurrent.ThreadPoolExecutor.runWorker(java.base@25.0.3/ThreadPoolExecutor.java:1076)
	at java.util.concurrent.ThreadPoolExecutor$Worker.run(java.base@25.0.3/ThreadPoolExecutor.java:614)
	at java.lang.Thread.runWith(java.base@25.0.3/Thread.java:1487)
	at java.lang.Thread.run(java.base@25.0.3/Thread.java:1474)

"Unconstrained build operations Thread 29" #243 [19428] prio=5 os_prio=0 cpu=0.00ms elapsed=504.56s tid=0x0000022bef6c0e80 nid=19428 waiting on condition  [0x000000a95e6ff000]
   java.lang.Thread.State: WAITING (parking)
	at jdk.internal.misc.Unsafe.park(java.base@25.0.3/Native Method)
	- parking to wait for  <0x0000000081932218> (a java.util.concurrent.locks.AbstractQueuedSynchronizer$ConditionObject)
	at java.util.concurrent.locks.LockSupport.park(java.base@25.0.3/LockSupport.java:369)
	at java.util.concurrent.locks.AbstractQueuedSynchronizer$ConditionNode.block(java.base@25.0.3/AbstractQueuedSynchronizer.java:520)
	at java.util.concurrent.ForkJoinPool.unmanagedBlock(java.base@25.0.3/ForkJoinPool.java:4364)
	at java.util.concurrent.ForkJoinPool.managedBlock(java.base@25.0.3/ForkJoinPool.java:4310)
	at java.util.concurrent.locks.AbstractQueuedSynchronizer$ConditionObject.await(java.base@25.0.3/AbstractQueuedSynchronizer.java:1752)
	at java.util.concurrent.LinkedBlockingQueue.take(java.base@25.0.3/LinkedBlockingQueue.java:435)
	at java.util.concurrent.ThreadPoolExecutor.getTask(java.base@25.0.3/ThreadPoolExecutor.java:1016)
	at java.util.concurrent.ThreadPoolExecutor.runWorker(java.base@25.0.3/ThreadPoolExecutor.java:1076)
	at java.util.concurrent.ThreadPoolExecutor$Worker.run(java.base@25.0.3/ThreadPoolExecutor.java:614)
	at java.lang.Thread.runWith(java.base@25.0.3/Thread.java:1487)
	at java.lang.Thread.run(java.base@25.0.3/Thread.java:1474)

"Unconstrained build operations Thread 30" #244 [30984] prio=5 os_prio=0 cpu=0.00ms elapsed=504.56s tid=0x0000022bef6c25f0 nid=30984 waiting on condition  [0x000000a95e7fe000]
   java.lang.Thread.State: WAITING (parking)
	at jdk.internal.misc.Unsafe.park(java.base@25.0.3/Native Method)
	- parking to wait for  <0x0000000081932218> (a java.util.concurrent.locks.AbstractQueuedSynchronizer$ConditionObject)
	at java.util.concurrent.locks.LockSupport.park(java.base@25.0.3/LockSupport.java:369)
	at java.util.concurrent.locks.AbstractQueuedSynchronizer$ConditionNode.block(java.base@25.0.3/AbstractQueuedSynchronizer.java:520)
	at java.util.concurrent.ForkJoinPool.unmanagedBlock(java.base@25.0.3/ForkJoinPool.java:4364)
	at java.util.concurrent.ForkJoinPool.managedBlock(java.base@25.0.3/ForkJoinPool.java:4310)
	at java.util.concurrent.locks.AbstractQueuedSynchronizer$ConditionObject.await(java.base@25.0.3/AbstractQueuedSynchronizer.java:1752)
	at java.util.concurrent.LinkedBlockingQueue.take(java.base@25.0.3/LinkedBlockingQueue.java:435)
	at java.util.concurrent.ThreadPoolExecutor.getTask(java.base@25.0.3/ThreadPoolExecutor.java:1016)
	at java.util.concurrent.ThreadPoolExecutor.runWorker(java.base@25.0.3/ThreadPoolExecutor.java:1076)
	at java.util.concurrent.ThreadPoolExecutor$Worker.run(java.base@25.0.3/ThreadPoolExecutor.java:614)
	at java.lang.Thread.runWith(java.base@25.0.3/Thread.java:1487)
	at java.lang.Thread.run(java.base@25.0.3/Thread.java:1474)

"Unconstrained build operations Thread 31" #245 [11448] prio=5 os_prio=0 cpu=0.00ms elapsed=504.56s tid=0x0000022bef6c4d00 nid=11448 waiting on condition  [0x000000a95e8ff000]
   java.lang.Thread.State: WAITING (parking)
	at jdk.internal.misc.Unsafe.park(java.base@25.0.3/Native Method)
	- parking to wait for  <0x0000000081932218> (a java.util.concurrent.locks.AbstractQueuedSynchronizer$ConditionObject)
	at java.util.concurrent.locks.LockSupport.park(java.base@25.0.3/LockSupport.java:369)
	at java.util.concurrent.locks.AbstractQueuedSynchronizer$ConditionNode.block(java.base@25.0.3/AbstractQueuedSynchronizer.java:520)
	at java.util.concurrent.ForkJoinPool.unmanagedBlock(java.base@25.0.3/ForkJoinPool.java:4364)
	at java.util.concurrent.ForkJoinPool.managedBlock(java.base@25.0.3/ForkJoinPool.java:4310)
	at java.util.concurrent.locks.AbstractQueuedSynchronizer$ConditionObject.await(java.base@25.0.3/AbstractQueuedSynchronizer.java:1752)
	at java.util.concurrent.LinkedBlockingQueue.take(java.base@25.0.3/LinkedBlockingQueue.java:435)
	at java.util.concurrent.ThreadPoolExecutor.getTask(java.base@25.0.3/ThreadPoolExecutor.java:1016)
	at java.util.concurrent.ThreadPoolExecutor.runWorker(java.base@25.0.3/ThreadPoolExecutor.java:1076)
	at java.util.concurrent.ThreadPoolExecutor$Worker.run(java.base@25.0.3/ThreadPoolExecutor.java:614)
	at java.lang.Thread.runWith(java.base@25.0.3/Thread.java:1487)
	at java.lang.Thread.run(java.base@25.0.3/Thread.java:1474)

"Unconstrained build operations Thread 32" #246 [15940] prio=5 os_prio=0 cpu=0.00ms elapsed=504.56s tid=0x0000022bef6c54d0 nid=15940 waiting on condition  [0x000000a95e9fe000]
   java.lang.Thread.State: WAITING (parking)
	at jdk.internal.misc.Unsafe.park(java.base@25.0.3/Native Method)
	- parking to wait for  <0x0000000081932218> (a java.util.concurrent.locks.AbstractQueuedSynchronizer$ConditionObject)
	at java.util.concurrent.locks.LockSupport.park(java.base@25.0.3/LockSupport.java:369)
	at java.util.concurrent.locks.AbstractQueuedSynchronizer$ConditionNode.block(java.base@25.0.3/AbstractQueuedSynchronizer.java:520)
	at java.util.concurrent.ForkJoinPool.unmanagedBlock(java.base@25.0.3/ForkJoinPool.java:4364)
	at java.util.concurrent.ForkJoinPool.managedBlock(java.base@25.0.3/ForkJoinPool.java:4310)
	at java.util.concurrent.locks.AbstractQueuedSynchronizer$ConditionObject.await(java.base@25.0.3/AbstractQueuedSynchronizer.java:1752)
	at java.util.concurrent.LinkedBlockingQueue.take(java.base@25.0.3/LinkedBlockingQueue.java:435)
	at java.util.concurrent.ThreadPoolExecutor.getTask(java.base@25.0.3/ThreadPoolExecutor.java:1016)
	at java.util.concurrent.ThreadPoolExecutor.runWorker(java.base@25.0.3/ThreadPoolExecutor.java:1076)
	at java.util.concurrent.ThreadPoolExecutor$Worker.run(java.base@25.0.3/ThreadPoolExecutor.java:614)
	at java.lang.Thread.runWith(java.base@25.0.3/Thread.java:1487)
	at java.lang.Thread.run(java.base@25.0.3/Thread.java:1474)

"Unconstrained build operations Thread 33" #247 [7576] prio=5 os_prio=0 cpu=0.00ms elapsed=504.56s tid=0x0000022bef6c1e20 nid=7576 waiting on condition  [0x000000a95eaff000]
   java.lang.Thread.State: WAITING (parking)
	at jdk.internal.misc.Unsafe.park(java.base@25.0.3/Native Method)
	- parking to wait for  <0x0000000081932218> (a java.util.concurrent.locks.AbstractQueuedSynchronizer$ConditionObject)
	at java.util.concurrent.locks.LockSupport.park(java.base@25.0.3/LockSupport.java:369)
	at java.util.concurrent.locks.AbstractQueuedSynchronizer$ConditionNode.block(java.base@25.0.3/AbstractQueuedSynchronizer.java:520)
	at java.util.concurrent.ForkJoinPool.unmanagedBlock(java.base@25.0.3/ForkJoinPool.java:4364)
	at java.util.concurrent.ForkJoinPool.managedBlock(java.base@25.0.3/ForkJoinPool.java:4310)
	at java.util.concurrent.locks.AbstractQueuedSynchronizer$ConditionObject.await(java.base@25.0.3/AbstractQueuedSynchronizer.java:1752)
	at java.util.concurrent.LinkedBlockingQueue.take(java.base@25.0.3/LinkedBlockingQueue.java:435)
	at java.util.concurrent.ThreadPoolExecutor.getTask(java.base@25.0.3/ThreadPoolExecutor.java:1016)
	at java.util.concurrent.ThreadPoolExecutor.runWorker(java.base@25.0.3/ThreadPoolExecutor.java:1076)
	at java.util.concurrent.ThreadPoolExecutor$Worker.run(java.base@25.0.3/ThreadPoolExecutor.java:614)
	at java.lang.Thread.runWith(java.base@25.0.3/Thread.java:1487)
	at java.lang.Thread.run(java.base@25.0.3/Thread.java:1474)

"Unconstrained build operations Thread 34" #248 [30024] prio=5 os_prio=0 cpu=0.00ms elapsed=504.56s tid=0x0000022bef6c6470 nid=30024 waiting on condition  [0x000000a95ebfe000]
   java.lang.Thread.State: WAITING (parking)
	at jdk.internal.misc.Unsafe.park(java.base@25.0.3/Native Method)
	- parking to wait for  <0x0000000081932218> (a java.util.concurrent.locks.AbstractQueuedSynchronizer$ConditionObject)
	at java.util.concurrent.locks.LockSupport.park(java.base@25.0.3/LockSupport.java:369)
	at java.util.concurrent.locks.AbstractQueuedSynchronizer$ConditionNode.block(java.base@25.0.3/AbstractQueuedSynchronizer.java:520)
	at java.util.concurrent.ForkJoinPool.unmanagedBlock(java.base@25.0.3/ForkJoinPool.java:4364)
	at java.util.concurrent.ForkJoinPool.managedBlock(java.base@25.0.3/ForkJoinPool.java:4310)
	at java.util.concurrent.locks.AbstractQueuedSynchronizer$ConditionObject.await(java.base@25.0.3/AbstractQueuedSynchronizer.java:1752)
	at java.util.concurrent.LinkedBlockingQueue.take(java.base@25.0.3/LinkedBlockingQueue.java:435)
	at java.util.concurrent.ThreadPoolExecutor.getTask(java.base@25.0.3/ThreadPoolExecutor.java:1016)
	at java.util.concurrent.ThreadPoolExecutor.runWorker(java.base@25.0.3/ThreadPoolExecutor.java:1076)
	at java.util.concurrent.ThreadPoolExecutor$Worker.run(java.base@25.0.3/ThreadPoolExecutor.java:614)
	at java.lang.Thread.runWith(java.base@25.0.3/Thread.java:1487)
	at java.lang.Thread.run(java.base@25.0.3/Thread.java:1474)

"Unconstrained build operations Thread 35" #249 [34740] prio=5 os_prio=0 cpu=0.00ms elapsed=504.56s tid=0x0000022bef6c83b0 nid=34740 waiting on condition  [0x000000a95ecfe000]
   java.lang.Thread.State: WAITING (parking)
	at jdk.internal.misc.Unsafe.park(java.base@25.0.3/Native Method)
	- parking to wait for  <0x0000000081932218> (a java.util.concurrent.locks.AbstractQueuedSynchronizer$ConditionObject)
	at java.util.concurrent.locks.LockSupport.park(java.base@25.0.3/LockSupport.java:369)
	at java.util.concurrent.locks.AbstractQueuedSynchronizer$ConditionNode.block(java.base@25.0.3/AbstractQueuedSynchronizer.java:520)
	at java.util.concurrent.ForkJoinPool.unmanagedBlock(java.base@25.0.3/ForkJoinPool.java:4364)
	at java.util.concurrent.ForkJoinPool.managedBlock(java.base@25.0.3/ForkJoinPool.java:4310)
	at java.util.concurrent.locks.AbstractQueuedSynchronizer$ConditionObject.await(java.base@25.0.3/AbstractQueuedSynchronizer.java:1752)
	at java.util.concurrent.LinkedBlockingQueue.take(java.base@25.0.3/LinkedBlockingQueue.java:435)
	at java.util.concurrent.ThreadPoolExecutor.getTask(java.base@25.0.3/ThreadPoolExecutor.java:1016)
	at java.util.concurrent.ThreadPoolExecutor.runWorker(java.base@25.0.3/ThreadPoolExecutor.java:1076)
	at java.util.concurrent.ThreadPoolExecutor$Worker.run(java.base@25.0.3/ThreadPoolExecutor.java:614)
	at java.lang.Thread.runWith(java.base@25.0.3/Thread.java:1487)
	at java.lang.Thread.run(java.base@25.0.3/Thread.java:1474)

"Unconstrained build operations Thread 36" #250 [24408] prio=5 os_prio=0 cpu=0.00ms elapsed=504.56s tid=0x0000022bef6c7410 nid=24408 waiting on condition  [0x000000a95edff000]
   java.lang.Thread.State: WAITING (parking)
	at jdk.internal.misc.Unsafe.park(java.base@25.0.3/Native Method)
	- parking to wait for  <0x0000000081932218> (a java.util.concurrent.locks.AbstractQueuedSynchronizer$ConditionObject)
	at java.util.concurrent.locks.LockSupport.park(java.base@25.0.3/LockSupport.java:369)
	at java.util.concurrent.locks.AbstractQueuedSynchronizer$ConditionNode.block(java.base@25.0.3/AbstractQueuedSynchronizer.java:520)
	at java.util.concurrent.ForkJoinPool.unmanagedBlock(java.base@25.0.3/ForkJoinPool.java:4364)
	at java.util.concurrent.ForkJoinPool.managedBlock(java.base@25.0.3/ForkJoinPool.java:4310)
	at java.util.concurrent.locks.AbstractQueuedSynchronizer$ConditionObject.await(java.base@25.0.3/AbstractQueuedSynchronizer.java:1752)
	at java.util.concurrent.LinkedBlockingQueue.take(java.base@25.0.3/LinkedBlockingQueue.java:435)
	at java.util.concurrent.ThreadPoolExecutor.getTask(java.base@25.0.3/ThreadPoolExecutor.java:1016)
	at java.util.concurrent.ThreadPoolExecutor.runWorker(java.base@25.0.3/ThreadPoolExecutor.java:1076)
	at java.util.concurrent.ThreadPoolExecutor$Worker.run(java.base@25.0.3/ThreadPoolExecutor.java:614)
	at java.lang.Thread.runWith(java.base@25.0.3/Thread.java:1487)
	at java.lang.Thread.run(java.base@25.0.3/Thread.java:1474)

"Unconstrained build operations Thread 37" #251 [14360] prio=5 os_prio=0 cpu=0.00ms elapsed=504.56s tid=0x0000022bef6c9b20 nid=14360 waiting on condition  [0x000000a95eeff000]
   java.lang.Thread.State: WAITING (parking)
	at jdk.internal.misc.Unsafe.park(java.base@25.0.3/Native Method)
	- parking to wait for  <0x0000000081932218> (a java.util.concurrent.locks.AbstractQueuedSynchronizer$ConditionObject)
	at java.util.concurrent.locks.LockSupport.park(java.base@25.0.3/LockSupport.java:369)
	at java.util.concurrent.locks.AbstractQueuedSynchronizer$ConditionNode.block(java.base@25.0.3/AbstractQueuedSynchronizer.java:520)
	at java.util.concurrent.ForkJoinPool.unmanagedBlock(java.base@25.0.3/ForkJoinPool.java:4364)
	at java.util.concurrent.ForkJoinPool.managedBlock(java.base@25.0.3/ForkJoinPool.java:4310)
	at java.util.concurrent.locks.AbstractQueuedSynchronizer$ConditionObject.await(java.base@25.0.3/AbstractQueuedSynchronizer.java:1752)
	at java.util.concurrent.LinkedBlockingQueue.take(java.base@25.0.3/LinkedBlockingQueue.java:435)
	at java.util.concurrent.ThreadPoolExecutor.getTask(java.base@25.0.3/ThreadPoolExecutor.java:1016)
	at java.util.concurrent.ThreadPoolExecutor.runWorker(java.base@25.0.3/ThreadPoolExecutor.java:1076)
	at java.util.concurrent.ThreadPoolExecutor$Worker.run(java.base@25.0.3/ThreadPoolExecutor.java:614)
	at java.lang.Thread.runWith(java.base@25.0.3/Thread.java:1487)
	at java.lang.Thread.run(java.base@25.0.3/Thread.java:1474)

"Unconstrained build operations Thread 38" #252 [28848] prio=5 os_prio=0 cpu=0.00ms elapsed=504.56s tid=0x0000022bef6cc230 nid=28848 waiting on condition  [0x000000a95efff000]
   java.lang.Thread.State: WAITING (parking)
	at jdk.internal.misc.Unsafe.park(java.base@25.0.3/Native Method)
	- parking to wait for  <0x0000000081932218> (a java.util.concurrent.locks.AbstractQueuedSynchronizer$ConditionObject)
	at java.util.concurrent.locks.LockSupport.park(java.base@25.0.3/LockSupport.java:369)
	at java.util.concurrent.locks.AbstractQueuedSynchronizer$ConditionNode.block(java.base@25.0.3/AbstractQueuedSynchronizer.java:520)
	at java.util.concurrent.ForkJoinPool.unmanagedBlock(java.base@25.0.3/ForkJoinPool.java:4364)
	at java.util.concurrent.ForkJoinPool.managedBlock(java.base@25.0.3/ForkJoinPool.java:4310)
	at java.util.concurrent.locks.AbstractQueuedSynchronizer$ConditionObject.await(java.base@25.0.3/AbstractQueuedSynchronizer.java:1752)
	at java.util.concurrent.LinkedBlockingQueue.take(java.base@25.0.3/LinkedBlockingQueue.java:435)
	at java.util.concurrent.ThreadPoolExecutor.getTask(java.base@25.0.3/ThreadPoolExecutor.java:1016)
	at java.util.concurrent.ThreadPoolExecutor.runWorker(java.base@25.0.3/ThreadPoolExecutor.java:1076)
	at java.util.concurrent.ThreadPoolExecutor$Worker.run(java.base@25.0.3/ThreadPoolExecutor.java:614)
	at java.lang.Thread.runWith(java.base@25.0.3/Thread.java:1487)
	at java.lang.Thread.run(java.base@25.0.3/Thread.java:1474)

"Unconstrained build operations Thread 39" #253 [28756] prio=5 os_prio=0 cpu=0.00ms elapsed=504.56s tid=0x0000022bef6cca00 nid=28756 waiting on condition  [0x000000a95f0fe000]
   java.lang.Thread.State: WAITING (parking)
	at jdk.internal.misc.Unsafe.park(java.base@25.0.3/Native Method)
	- parking to wait for  <0x0000000081932218> (a java.util.concurrent.locks.AbstractQueuedSynchronizer$ConditionObject)
	at java.util.concurrent.locks.LockSupport.park(java.base@25.0.3/LockSupport.java:369)
	at java.util.concurrent.locks.AbstractQueuedSynchronizer$ConditionNode.block(java.base@25.0.3/AbstractQueuedSynchronizer.java:520)
	at java.util.concurrent.ForkJoinPool.unmanagedBlock(java.base@25.0.3/ForkJoinPool.java:4364)
	at java.util.concurrent.ForkJoinPool.managedBlock(java.base@25.0.3/ForkJoinPool.java:4310)
	at java.util.concurrent.locks.AbstractQueuedSynchronizer$ConditionObject.await(java.base@25.0.3/AbstractQueuedSynchronizer.java:1752)
	at java.util.concurrent.LinkedBlockingQueue.take(java.base@25.0.3/LinkedBlockingQueue.java:435)
	at java.util.concurrent.ThreadPoolExecutor.getTask(java.base@25.0.3/ThreadPoolExecutor.java:1016)
	at java.util.concurrent.ThreadPoolExecutor.runWorker(java.base@25.0.3/ThreadPoolExecutor.java:1076)
	at java.util.concurrent.ThreadPoolExecutor$Worker.run(java.base@25.0.3/ThreadPoolExecutor.java:614)
	at java.lang.Thread.runWith(java.base@25.0.3/Thread.java:1487)
	at java.lang.Thread.run(java.base@25.0.3/Thread.java:1474)

"Unconstrained build operations Thread 40" #254 [15220] prio=5 os_prio=0 cpu=15.62ms elapsed=504.56s tid=0x0000022bef6cb290 nid=15220 waiting on condition  [0x000000a95f1ff000]
   java.lang.Thread.State: WAITING (parking)
	at jdk.internal.misc.Unsafe.park(java.base@25.0.3/Native Method)
	- parking to wait for  <0x0000000081932218> (a java.util.concurrent.locks.AbstractQueuedSynchronizer$ConditionObject)
	at java.util.concurrent.locks.LockSupport.park(java.base@25.0.3/LockSupport.java:369)
	at java.util.concurrent.locks.AbstractQueuedSynchronizer$ConditionNode.block(java.base@25.0.3/AbstractQueuedSynchronizer.java:520)
	at java.util.concurrent.ForkJoinPool.unmanagedBlock(java.base@25.0.3/ForkJoinPool.java:4364)
	at java.util.concurrent.ForkJoinPool.managedBlock(java.base@25.0.3/ForkJoinPool.java:4310)
	at java.util.concurrent.locks.AbstractQueuedSynchronizer$ConditionObject.await(java.base@25.0.3/AbstractQueuedSynchronizer.java:1752)
	at java.util.concurrent.LinkedBlockingQueue.take(java.base@25.0.3/LinkedBlockingQueue.java:435)
	at java.util.concurrent.ThreadPoolExecutor.getTask(java.base@25.0.3/ThreadPoolExecutor.java:1016)
	at java.util.concurrent.ThreadPoolExecutor.runWorker(java.base@25.0.3/ThreadPoolExecutor.java:1076)
	at java.util.concurrent.ThreadPoolExecutor$Worker.run(java.base@25.0.3/ThreadPoolExecutor.java:614)
	at java.lang.Thread.runWith(java.base@25.0.3/Thread.java:1487)
	at java.lang.Thread.run(java.base@25.0.3/Thread.java:1474)

"Unconstrained build operations Thread 41" #255 [15712] prio=5 os_prio=0 cpu=0.00ms elapsed=504.56s tid=0x0000022bef6cd9a0 nid=15712 waiting on condition  [0x000000a95f2ff000]
   java.lang.Thread.State: WAITING (parking)
	at jdk.internal.misc.Unsafe.park(java.base@25.0.3/Native Method)
	- parking to wait for  <0x0000000081932218> (a java.util.concurrent.locks.AbstractQueuedSynchronizer$ConditionObject)
	at java.util.concurrent.locks.LockSupport.park(java.base@25.0.3/LockSupport.java:369)
	at java.util.concurrent.locks.AbstractQueuedSynchronizer$ConditionNode.block(java.base@25.0.3/AbstractQueuedSynchronizer.java:520)
	at java.util.concurrent.ForkJoinPool.unmanagedBlock(java.base@25.0.3/ForkJoinPool.java:4364)
	at java.util.concurrent.ForkJoinPool.managedBlock(java.base@25.0.3/ForkJoinPool.java:4310)
	at java.util.concurrent.locks.AbstractQueuedSynchronizer$ConditionObject.await(java.base@25.0.3/AbstractQueuedSynchronizer.java:1752)
	at java.util.concurrent.LinkedBlockingQueue.take(java.base@25.0.3/LinkedBlockingQueue.java:435)
	at java.util.concurrent.ThreadPoolExecutor.getTask(java.base@25.0.3/ThreadPoolExecutor.java:1016)
	at java.util.concurrent.ThreadPoolExecutor.runWorker(java.base@25.0.3/ThreadPoolExecutor.java:1076)
	at java.util.concurrent.ThreadPoolExecutor$Worker.run(java.base@25.0.3/ThreadPoolExecutor.java:614)
	at java.lang.Thread.runWith(java.base@25.0.3/Thread.java:1487)
	at java.lang.Thread.run(java.base@25.0.3/Thread.java:1474)

"Unconstrained build operations Thread 42" #256 [2116] prio=5 os_prio=0 cpu=0.00ms elapsed=504.56s tid=0x0000022bef6cf110 nid=2116 waiting on condition  [0x000000a95f3ff000]
   java.lang.Thread.State: WAITING (parking)
	at jdk.internal.misc.Unsafe.park(java.base@25.0.3/Native Method)
	- parking to wait for  <0x0000000081932218> (a java.util.concurrent.locks.AbstractQueuedSynchronizer$ConditionObject)
	at java.util.concurrent.locks.LockSupport.park(java.base@25.0.3/LockSupport.java:369)
	at java.util.concurrent.locks.AbstractQueuedSynchronizer$ConditionNode.block(java.base@25.0.3/AbstractQueuedSynchronizer.java:520)
	at java.util.concurrent.ForkJoinPool.unmanagedBlock(java.base@25.0.3/ForkJoinPool.java:4364)
	at java.util.concurrent.ForkJoinPool.managedBlock(java.base@25.0.3/ForkJoinPool.java:4310)
	at java.util.concurrent.locks.AbstractQueuedSynchronizer$ConditionObject.await(java.base@25.0.3/AbstractQueuedSynchronizer.java:1752)
	at java.util.concurrent.LinkedBlockingQueue.take(java.base@25.0.3/LinkedBlockingQueue.java:435)
	at java.util.concurrent.ThreadPoolExecutor.getTask(java.base@25.0.3/ThreadPoolExecutor.java:1016)
	at java.util.concurrent.ThreadPoolExecutor.runWorker(java.base@25.0.3/ThreadPoolExecutor.java:1076)
	at java.util.concurrent.ThreadPoolExecutor$Worker.run(java.base@25.0.3/ThreadPoolExecutor.java:614)
	at java.lang.Thread.runWith(java.base@25.0.3/Thread.java:1487)
	at java.lang.Thread.run(java.base@25.0.3/Thread.java:1474)

"Unconstrained build operations Thread 43" #257 [16320] prio=5 os_prio=0 cpu=0.00ms elapsed=504.56s tid=0x0000022bef6cba60 nid=16320 waiting on condition  [0x000000a95f4ff000]
   java.lang.Thread.State: WAITING (parking)
	at jdk.internal.misc.Unsafe.park(java.base@25.0.3/Native Method)
	- parking to wait for  <0x0000000081932218> (a java.util.concurrent.locks.AbstractQueuedSynchronizer$ConditionObject)
	at java.util.concurrent.locks.LockSupport.park(java.base@25.0.3/LockSupport.java:369)
	at java.util.concurrent.locks.AbstractQueuedSynchronizer$ConditionNode.block(java.base@25.0.3/AbstractQueuedSynchronizer.java:520)
	at java.util.concurrent.ForkJoinPool.unmanagedBlock(java.base@25.0.3/ForkJoinPool.java:4364)
	at java.util.concurrent.ForkJoinPool.managedBlock(java.base@25.0.3/ForkJoinPool.java:4310)
	at java.util.concurrent.locks.AbstractQueuedSynchronizer$ConditionObject.await(java.base@25.0.3/AbstractQueuedSynchronizer.java:1752)
	at java.util.concurrent.LinkedBlockingQueue.take(java.base@25.0.3/LinkedBlockingQueue.java:435)
	at java.util.concurrent.ThreadPoolExecutor.getTask(java.base@25.0.3/ThreadPoolExecutor.java:1016)
	at java.util.concurrent.ThreadPoolExecutor.runWorker(java.base@25.0.3/ThreadPoolExecutor.java:1076)
	at java.util.concurrent.ThreadPoolExecutor$Worker.run(java.base@25.0.3/ThreadPoolExecutor.java:614)
	at java.lang.Thread.runWith(java.base@25.0.3/Thread.java:1487)
	at java.lang.Thread.run(java.base@25.0.3/Thread.java:1474)

"Unconstrained build operations Thread 44" #258 [5564] prio=5 os_prio=0 cpu=15.62ms elapsed=504.56s tid=0x0000022bef6d1820 nid=5564 waiting on condition  [0x000000a95f5ff000]
   java.lang.Thread.State: WAITING (parking)
	at jdk.internal.misc.Unsafe.park(java.base@25.0.3/Native Method)
	- parking to wait for  <0x0000000081932218> (a java.util.concurrent.locks.AbstractQueuedSynchronizer$ConditionObject)
	at java.util.concurrent.locks.LockSupport.park(java.base@25.0.3/LockSupport.java:369)
	at java.util.concurrent.locks.AbstractQueuedSynchronizer$ConditionNode.block(java.base@25.0.3/AbstractQueuedSynchronizer.java:520)
	at java.util.concurrent.ForkJoinPool.unmanagedBlock(java.base@25.0.3/ForkJoinPool.java:4364)
	at java.util.concurrent.ForkJoinPool.managedBlock(java.base@25.0.3/ForkJoinPool.java:4310)
	at java.util.concurrent.locks.AbstractQueuedSynchronizer$ConditionObject.await(java.base@25.0.3/AbstractQueuedSynchronizer.java:1752)
	at java.util.concurrent.LinkedBlockingQueue.take(java.base@25.0.3/LinkedBlockingQueue.java:435)
	at java.util.concurrent.ThreadPoolExecutor.getTask(java.base@25.0.3/ThreadPoolExecutor.java:1016)
	at java.util.concurrent.ThreadPoolExecutor.runWorker(java.base@25.0.3/ThreadPoolExecutor.java:1076)
	at java.util.concurrent.ThreadPoolExecutor$Worker.run(java.base@25.0.3/ThreadPoolExecutor.java:614)
	at java.lang.Thread.runWith(java.base@25.0.3/Thread.java:1487)
	at java.lang.Thread.run(java.base@25.0.3/Thread.java:1474)

"Unconstrained build operations Thread 45" #259 [21680] prio=5 os_prio=0 cpu=0.00ms elapsed=504.56s tid=0x0000022bef6d3760 nid=21680 waiting on condition  [0x000000a95f6ff000]
   java.lang.Thread.State: WAITING (parking)
	at jdk.internal.misc.Unsafe.park(java.base@25.0.3/Native Method)
	- parking to wait for  <0x0000000081932218> (a java.util.concurrent.locks.AbstractQueuedSynchronizer$ConditionObject)
	at java.util.concurrent.locks.LockSupport.park(java.base@25.0.3/LockSupport.java:369)
	at java.util.concurrent.locks.AbstractQueuedSynchronizer$ConditionNode.block(java.base@25.0.3/AbstractQueuedSynchronizer.java:520)
	at java.util.concurrent.ForkJoinPool.unmanagedBlock(java.base@25.0.3/ForkJoinPool.java:4364)
	at java.util.concurrent.ForkJoinPool.managedBlock(java.base@25.0.3/ForkJoinPool.java:4310)
	at java.util.concurrent.locks.AbstractQueuedSynchronizer$ConditionObject.await(java.base@25.0.3/AbstractQueuedSynchronizer.java:1752)
	at java.util.concurrent.LinkedBlockingQueue.take(java.base@25.0.3/LinkedBlockingQueue.java:435)
	at java.util.concurrent.ThreadPoolExecutor.getTask(java.base@25.0.3/ThreadPoolExecutor.java:1016)
	at java.util.concurrent.ThreadPoolExecutor.runWorker(java.base@25.0.3/ThreadPoolExecutor.java:1076)
	at java.util.concurrent.ThreadPoolExecutor$Worker.run(java.base@25.0.3/ThreadPoolExecutor.java:614)
	at java.lang.Thread.runWith(java.base@25.0.3/Thread.java:1487)
	at java.lang.Thread.run(java.base@25.0.3/Thread.java:1474)

"Unconstrained build operations Thread 46" #260 [25668] prio=5 os_prio=0 cpu=0.00ms elapsed=504.56s tid=0x0000022bef6d1ff0 nid=25668 waiting on condition  [0x000000a95f7ff000]
   java.lang.Thread.State: WAITING (parking)
	at jdk.internal.misc.Unsafe.park(java.base@25.0.3/Native Method)
	- parking to wait for  <0x0000000081932218> (a java.util.concurrent.locks.AbstractQueuedSynchronizer$ConditionObject)
	at java.util.concurrent.locks.LockSupport.park(java.base@25.0.3/LockSupport.java:369)
	at java.util.concurrent.locks.AbstractQueuedSynchronizer$ConditionNode.block(java.base@25.0.3/AbstractQueuedSynchronizer.java:520)
	at java.util.concurrent.ForkJoinPool.unmanagedBlock(java.base@25.0.3/ForkJoinPool.java:4364)
	at java.util.concurrent.ForkJoinPool.managedBlock(java.base@25.0.3/ForkJoinPool.java:4310)
	at java.util.concurrent.locks.AbstractQueuedSynchronizer$ConditionObject.await(java.base@25.0.3/AbstractQueuedSynchronizer.java:1752)
	at java.util.concurrent.LinkedBlockingQueue.take(java.base@25.0.3/LinkedBlockingQueue.java:435)
	at java.util.concurrent.ThreadPoolExecutor.getTask(java.base@25.0.3/ThreadPoolExecutor.java:1016)
	at java.util.concurrent.ThreadPoolExecutor.runWorker(java.base@25.0.3/ThreadPoolExecutor.java:1076)
	at java.util.concurrent.ThreadPoolExecutor$Worker.run(java.base@25.0.3/ThreadPoolExecutor.java:614)
	at java.lang.Thread.runWith(java.base@25.0.3/Thread.java:1487)
	at java.lang.Thread.run(java.base@25.0.3/Thread.java:1474)

"Unconstrained build operations Thread 47" #261 [21084] prio=5 os_prio=0 cpu=0.00ms elapsed=504.56s tid=0x0000022bef6d3f30 nid=21084 waiting on condition  [0x000000a95f8ff000]
   java.lang.Thread.State: WAITING (parking)
	at jdk.internal.misc.Unsafe.park(java.base@25.0.3/Native Method)
	- parking to wait for  <0x0000000081932218> (a java.util.concurrent.locks.AbstractQueuedSynchronizer$ConditionObject)
	at java.util.concurrent.locks.LockSupport.park(java.base@25.0.3/LockSupport.java:369)
	at java.util.concurrent.locks.AbstractQueuedSynchronizer$ConditionNode.block(java.base@25.0.3/AbstractQueuedSynchronizer.java:520)
	at java.util.concurrent.ForkJoinPool.unmanagedBlock(java.base@25.0.3/ForkJoinPool.java:4364)
	at java.util.concurrent.ForkJoinPool.managedBlock(java.base@25.0.3/ForkJoinPool.java:4310)
	at java.util.concurrent.locks.AbstractQueuedSynchronizer$ConditionObject.await(java.base@25.0.3/AbstractQueuedSynchronizer.java:1752)
	at java.util.concurrent.LinkedBlockingQueue.take(java.base@25.0.3/LinkedBlockingQueue.java:435)
	at java.util.concurrent.ThreadPoolExecutor.getTask(java.base@25.0.3/ThreadPoolExecutor.java:1016)
	at java.util.concurrent.ThreadPoolExecutor.runWorker(java.base@25.0.3/ThreadPoolExecutor.java:1076)
	at java.util.concurrent.ThreadPoolExecutor$Worker.run(java.base@25.0.3/ThreadPoolExecutor.java:614)
	at java.lang.Thread.runWith(java.base@25.0.3/Thread.java:1487)
	at java.lang.Thread.run(java.base@25.0.3/Thread.java:1474)

"Unconstrained build operations Thread 48" #262 [16936] prio=5 os_prio=0 cpu=0.00ms elapsed=504.56s tid=0x0000022bef6d4700 nid=16936 waiting on condition  [0x000000a95f9ff000]
   java.lang.Thread.State: WAITING (parking)
	at jdk.internal.misc.Unsafe.park(java.base@25.0.3/Native Method)
	- parking to wait for  <0x0000000081932218> (a java.util.concurrent.locks.AbstractQueuedSynchronizer$ConditionObject)
	at java.util.concurrent.locks.LockSupport.park(java.base@25.0.3/LockSupport.java:369)
	at java.util.concurrent.locks.AbstractQueuedSynchronizer$ConditionNode.block(java.base@25.0.3/AbstractQueuedSynchronizer.java:520)
	at java.util.concurrent.ForkJoinPool.unmanagedBlock(java.base@25.0.3/ForkJoinPool.java:4364)
	at java.util.concurrent.ForkJoinPool.managedBlock(java.base@25.0.3/ForkJoinPool.java:4310)
	at java.util.concurrent.locks.AbstractQueuedSynchronizer$ConditionObject.await(java.base@25.0.3/AbstractQueuedSynchronizer.java:1752)
	at java.util.concurrent.LinkedBlockingQueue.take(java.base@25.0.3/LinkedBlockingQueue.java:435)
	at java.util.concurrent.ThreadPoolExecutor.getTask(java.base@25.0.3/ThreadPoolExecutor.java:1016)
	at java.util.concurrent.ThreadPoolExecutor.runWorker(java.base@25.0.3/ThreadPoolExecutor.java:1076)
	at java.util.concurrent.ThreadPoolExecutor$Worker.run(java.base@25.0.3/ThreadPoolExecutor.java:614)
	at java.lang.Thread.runWith(java.base@25.0.3/Thread.java:1487)
	at java.lang.Thread.run(java.base@25.0.3/Thread.java:1474)

"Unconstrained build operations Thread 49" #263 [3816] prio=5 os_prio=0 cpu=15.62ms elapsed=504.56s tid=0x0000022bef6d1050 nid=3816 waiting on condition  [0x000000a95faff000]
   java.lang.Thread.State: WAITING (parking)
	at jdk.internal.misc.Unsafe.park(java.base@25.0.3/Native Method)
	- parking to wait for  <0x0000000081932218> (a java.util.concurrent.locks.AbstractQueuedSynchronizer$ConditionObject)
	at java.util.concurrent.locks.LockSupport.park(java.base@25.0.3/LockSupport.java:369)
	at java.util.concurrent.locks.AbstractQueuedSynchronizer$ConditionNode.block(java.base@25.0.3/AbstractQueuedSynchronizer.java:520)
	at java.util.concurrent.ForkJoinPool.unmanagedBlock(java.base@25.0.3/ForkJoinPool.java:4364)
	at java.util.concurrent.ForkJoinPool.managedBlock(java.base@25.0.3/ForkJoinPool.java:4310)
	at java.util.concurrent.locks.AbstractQueuedSynchronizer$ConditionObject.await(java.base@25.0.3/AbstractQueuedSynchronizer.java:1752)
	at java.util.concurrent.LinkedBlockingQueue.take(java.base@25.0.3/LinkedBlockingQueue.java:435)
	at java.util.concurrent.ThreadPoolExecutor.getTask(java.base@25.0.3/ThreadPoolExecutor.java:1016)
	at java.util.concurrent.ThreadPoolExecutor.runWorker(java.base@25.0.3/ThreadPoolExecutor.java:1076)
	at java.util.concurrent.ThreadPoolExecutor$Worker.run(java.base@25.0.3/ThreadPoolExecutor.java:614)
	at java.lang.Thread.runWith(java.base@25.0.3/Thread.java:1487)
	at java.lang.Thread.run(java.base@25.0.3/Thread.java:1474)

"Unconstrained build operations Thread 50" #264 [38384] prio=5 os_prio=0 cpu=0.00ms elapsed=504.56s tid=0x0000022bef6d8580 nid=38384 waiting on condition  [0x000000a95fbff000]
   java.lang.Thread.State: WAITING (parking)
	at jdk.internal.misc.Unsafe.park(java.base@25.0.3/Native Method)
	- parking to wait for  <0x0000000081932218> (a java.util.concurrent.locks.AbstractQueuedSynchronizer$ConditionObject)
	at java.util.concurrent.locks.LockSupport.park(java.base@25.0.3/LockSupport.java:369)
	at java.util.concurrent.locks.AbstractQueuedSynchronizer$ConditionNode.block(java.base@25.0.3/AbstractQueuedSynchronizer.java:520)
	at java.util.concurrent.ForkJoinPool.unmanagedBlock(java.base@25.0.3/ForkJoinPool.java:4364)
	at java.util.concurrent.ForkJoinPool.managedBlock(java.base@25.0.3/ForkJoinPool.java:4310)
	at java.util.concurrent.locks.AbstractQueuedSynchronizer$ConditionObject.await(java.base@25.0.3/AbstractQueuedSynchronizer.java:1752)
	at java.util.concurrent.LinkedBlockingQueue.take(java.base@25.0.3/LinkedBlockingQueue.java:435)
	at java.util.concurrent.ThreadPoolExecutor.getTask(java.base@25.0.3/ThreadPoolExecutor.java:1016)
	at java.util.concurrent.ThreadPoolExecutor.runWorker(java.base@25.0.3/ThreadPoolExecutor.java:1076)
	at java.util.concurrent.ThreadPoolExecutor$Worker.run(java.base@25.0.3/ThreadPoolExecutor.java:614)
	at java.lang.Thread.runWith(java.base@25.0.3/Thread.java:1487)
	at java.lang.Thread.run(java.base@25.0.3/Thread.java:1474)

"Unconstrained build operations Thread 51" #265 [18736] prio=5 os_prio=0 cpu=0.00ms elapsed=504.56s tid=0x0000022bef6d6640 nid=18736 waiting on condition  [0x000000a95fcff000]
   java.lang.Thread.State: WAITING (parking)
	at jdk.internal.misc.Unsafe.park(java.base@25.0.3/Native Method)
	- parking to wait for  <0x0000000081932218> (a java.util.concurrent.locks.AbstractQueuedSynchronizer$ConditionObject)
	at java.util.concurrent.locks.LockSupport.park(java.base@25.0.3/LockSupport.java:369)
	at java.util.concurrent.locks.AbstractQueuedSynchronizer$ConditionNode.block(java.base@25.0.3/AbstractQueuedSynchronizer.java:520)
	at java.util.concurrent.ForkJoinPool.unmanagedBlock(java.base@25.0.3/ForkJoinPool.java:4364)
	at java.util.concurrent.ForkJoinPool.managedBlock(java.base@25.0.3/ForkJoinPool.java:4310)
	at java.util.concurrent.locks.AbstractQueuedSynchronizer$ConditionObject.await(java.base@25.0.3/AbstractQueuedSynchronizer.java:1752)
	at java.util.concurrent.LinkedBlockingQueue.take(java.base@25.0.3/LinkedBlockingQueue.java:435)
	at java.util.concurrent.ThreadPoolExecutor.getTask(java.base@25.0.3/ThreadPoolExecutor.java:1016)
	at java.util.concurrent.ThreadPoolExecutor.runWorker(java.base@25.0.3/ThreadPoolExecutor.java:1076)
	at java.util.concurrent.ThreadPoolExecutor$Worker.run(java.base@25.0.3/ThreadPoolExecutor.java:614)
	at java.lang.Thread.runWith(java.base@25.0.3/Thread.java:1487)
	at java.lang.Thread.run(java.base@25.0.3/Thread.java:1474)

"Unconstrained build operations Thread 52" #266 [14792] prio=5 os_prio=0 cpu=15.62ms elapsed=504.56s tid=0x0000022bef6d8d50 nid=14792 waiting on condition  [0x000000a95fdff000]
   java.lang.Thread.State: WAITING (parking)
	at jdk.internal.misc.Unsafe.park(java.base@25.0.3/Native Method)
	- parking to wait for  <0x0000000081932218> (a java.util.concurrent.locks.AbstractQueuedSynchronizer$ConditionObject)
	at java.util.concurrent.locks.LockSupport.park(java.base@25.0.3/LockSupport.java:369)
	at java.util.concurrent.locks.AbstractQueuedSynchronizer$ConditionNode.block(java.base@25.0.3/AbstractQueuedSynchronizer.java:520)
	at java.util.concurrent.ForkJoinPool.unmanagedBlock(java.base@25.0.3/ForkJoinPool.java:4364)
	at java.util.concurrent.ForkJoinPool.managedBlock(java.base@25.0.3/ForkJoinPool.java:4310)
	at java.util.concurrent.locks.AbstractQueuedSynchronizer$ConditionObject.await(java.base@25.0.3/AbstractQueuedSynchronizer.java:1752)
	at java.util.concurrent.LinkedBlockingQueue.take(java.base@25.0.3/LinkedBlockingQueue.java:435)
	at java.util.concurrent.ThreadPoolExecutor.getTask(java.base@25.0.3/ThreadPoolExecutor.java:1016)
	at java.util.concurrent.ThreadPoolExecutor.runWorker(java.base@25.0.3/ThreadPoolExecutor.java:1076)
	at java.util.concurrent.ThreadPoolExecutor$Worker.run(java.base@25.0.3/ThreadPoolExecutor.java:614)
	at java.lang.Thread.runWith(java.base@25.0.3/Thread.java:1487)
	at java.lang.Thread.run(java.base@25.0.3/Thread.java:1474)

"Unconstrained build operations Thread 53" #267 [39228] prio=5 os_prio=0 cpu=0.00ms elapsed=504.56s tid=0x0000022bef6d9520 nid=39228 waiting on condition  [0x000000a95feff000]
   java.lang.Thread.State: WAITING (parking)
	at jdk.internal.misc.Unsafe.park(java.base@25.0.3/Native Method)
	- parking to wait for  <0x0000000081932218> (a java.util.concurrent.locks.AbstractQueuedSynchronizer$ConditionObject)
	at java.util.concurrent.locks.LockSupport.park(java.base@25.0.3/LockSupport.java:369)
	at java.util.concurrent.locks.AbstractQueuedSynchronizer$ConditionNode.block(java.base@25.0.3/AbstractQueuedSynchronizer.java:520)
	at java.util.concurrent.ForkJoinPool.unmanagedBlock(java.base@25.0.3/ForkJoinPool.java:4364)
	at java.util.concurrent.ForkJoinPool.managedBlock(java.base@25.0.3/ForkJoinPool.java:4310)
	at java.util.concurrent.locks.AbstractQueuedSynchronizer$ConditionObject.await(java.base@25.0.3/AbstractQueuedSynchronizer.java:1752)
	at java.util.concurrent.LinkedBlockingQueue.take(java.base@25.0.3/LinkedBlockingQueue.java:435)
	at java.util.concurrent.ThreadPoolExecutor.getTask(java.base@25.0.3/ThreadPoolExecutor.java:1016)
	at java.util.concurrent.ThreadPoolExecutor.runWorker(java.base@25.0.3/ThreadPoolExecutor.java:1076)
	at java.util.concurrent.ThreadPoolExecutor$Worker.run(java.base@25.0.3/ThreadPoolExecutor.java:614)
	at java.lang.Thread.runWith(java.base@25.0.3/Thread.java:1487)
	at java.lang.Thread.run(java.base@25.0.3/Thread.java:1474)

"Unconstrained build operations Thread 54" #268 [38628] prio=5 os_prio=0 cpu=0.00ms elapsed=504.56s tid=0x0000022bef6d9cf0 nid=38628 waiting on condition  [0x000000a95ffff000]
   java.lang.Thread.State: WAITING (parking)
	at jdk.internal.misc.Unsafe.park(java.base@25.0.3/Native Method)
	- parking to wait for  <0x0000000081932218> (a java.util.concurrent.locks.AbstractQueuedSynchronizer$ConditionObject)
	at java.util.concurrent.locks.LockSupport.park(java.base@25.0.3/LockSupport.java:369)
	at java.util.concurrent.locks.AbstractQueuedSynchronizer$ConditionNode.block(java.base@25.0.3/AbstractQueuedSynchronizer.java:520)
	at java.util.concurrent.ForkJoinPool.unmanagedBlock(java.base@25.0.3/ForkJoinPool.java:4364)
	at java.util.concurrent.ForkJoinPool.managedBlock(java.base@25.0.3/ForkJoinPool.java:4310)
	at java.util.concurrent.locks.AbstractQueuedSynchronizer$ConditionObject.await(java.base@25.0.3/AbstractQueuedSynchronizer.java:1752)
	at java.util.concurrent.LinkedBlockingQueue.take(java.base@25.0.3/LinkedBlockingQueue.java:435)
	at java.util.concurrent.ThreadPoolExecutor.getTask(java.base@25.0.3/ThreadPoolExecutor.java:1016)
	at java.util.concurrent.ThreadPoolExecutor.runWorker(java.base@25.0.3/ThreadPoolExecutor.java:1076)
	at java.util.concurrent.ThreadPoolExecutor$Worker.run(java.base@25.0.3/ThreadPoolExecutor.java:614)
	at java.lang.Thread.runWith(java.base@25.0.3/Thread.java:1487)
	at java.lang.Thread.run(java.base@25.0.3/Thread.java:1474)

"Unconstrained build operations Thread 55" #269 [40156] prio=5 os_prio=0 cpu=0.00ms elapsed=504.56s tid=0x0000022bef6d6e10 nid=40156 waiting on condition  [0x000000a9600ff000]
   java.lang.Thread.State: WAITING (parking)
	at jdk.internal.misc.Unsafe.park(java.base@25.0.3/Native Method)
	- parking to wait for  <0x0000000081932218> (a java.util.concurrent.locks.AbstractQueuedSynchronizer$ConditionObject)
	at java.util.concurrent.locks.LockSupport.park(java.base@25.0.3/LockSupport.java:369)
	at java.util.concurrent.locks.AbstractQueuedSynchronizer$ConditionNode.block(java.base@25.0.3/AbstractQueuedSynchronizer.java:520)
	at java.util.concurrent.ForkJoinPool.unmanagedBlock(java.base@25.0.3/ForkJoinPool.java:4364)
	at java.util.concurrent.ForkJoinPool.managedBlock(java.base@25.0.3/ForkJoinPool.java:4310)
	at java.util.concurrent.locks.AbstractQueuedSynchronizer$ConditionObject.await(java.base@25.0.3/AbstractQueuedSynchronizer.java:1752)
	at java.util.concurrent.LinkedBlockingQueue.take(java.base@25.0.3/LinkedBlockingQueue.java:435)
	at java.util.concurrent.ThreadPoolExecutor.getTask(java.base@25.0.3/ThreadPoolExecutor.java:1016)
	at java.util.concurrent.ThreadPoolExecutor.runWorker(java.base@25.0.3/ThreadPoolExecutor.java:1076)
	at java.util.concurrent.ThreadPoolExecutor$Worker.run(java.base@25.0.3/ThreadPoolExecutor.java:614)
	at java.lang.Thread.runWith(java.base@25.0.3/Thread.java:1487)
	at java.lang.Thread.run(java.base@25.0.3/Thread.java:1474)

"Unconstrained build operations Thread 56" #270 [37532] prio=5 os_prio=0 cpu=0.00ms elapsed=504.56s tid=0x0000022bef6db460 nid=37532 waiting on condition  [0x000000a9601ff000]
   java.lang.Thread.State: WAITING (parking)
	at jdk.internal.misc.Unsafe.park(java.base@25.0.3/Native Method)
	- parking to wait for  <0x0000000081932218> (a java.util.concurrent.locks.AbstractQueuedSynchronizer$ConditionObject)
	at java.util.concurrent.locks.LockSupport.park(java.base@25.0.3/LockSupport.java:369)
	at java.util.concurrent.locks.AbstractQueuedSynchronizer$ConditionNode.block(java.base@25.0.3/AbstractQueuedSynchronizer.java:520)
	at java.util.concurrent.ForkJoinPool.unmanagedBlock(java.base@25.0.3/ForkJoinPool.java:4364)
	at java.util.concurrent.ForkJoinPool.managedBlock(java.base@25.0.3/ForkJoinPool.java:4310)
	at java.util.concurrent.locks.AbstractQueuedSynchronizer$ConditionObject.await(java.base@25.0.3/AbstractQueuedSynchronizer.java:1752)
	at java.util.concurrent.LinkedBlockingQueue.take(java.base@25.0.3/LinkedBlockingQueue.java:435)
	at java.util.concurrent.ThreadPoolExecutor.getTask(java.base@25.0.3/ThreadPoolExecutor.java:1016)
	at java.util.concurrent.ThreadPoolExecutor.runWorker(java.base@25.0.3/ThreadPoolExecutor.java:1076)
	at java.util.concurrent.ThreadPoolExecutor$Worker.run(java.base@25.0.3/ThreadPoolExecutor.java:614)
	at java.lang.Thread.runWith(java.base@25.0.3/Thread.java:1487)
	at java.lang.Thread.run(java.base@25.0.3/Thread.java:1474)

"Unconstrained build operations Thread 57" #271 [6800] prio=5 os_prio=0 cpu=0.00ms elapsed=504.56s tid=0x0000022bed31def0 nid=6800 waiting on condition  [0x000000a9602ff000]
   java.lang.Thread.State: WAITING (parking)
	at jdk.internal.misc.Unsafe.park(java.base@25.0.3/Native Method)
	- parking to wait for  <0x0000000081932218> (a java.util.concurrent.locks.AbstractQueuedSynchronizer$ConditionObject)
	at java.util.concurrent.locks.LockSupport.park(java.base@25.0.3/LockSupport.java:369)
	at java.util.concurrent.locks.AbstractQueuedSynchronizer$ConditionNode.block(java.base@25.0.3/AbstractQueuedSynchronizer.java:520)
	at java.util.concurrent.ForkJoinPool.unmanagedBlock(java.base@25.0.3/ForkJoinPool.java:4364)
	at java.util.concurrent.ForkJoinPool.managedBlock(java.base@25.0.3/ForkJoinPool.java:4310)
	at java.util.concurrent.locks.AbstractQueuedSynchronizer$ConditionObject.await(java.base@25.0.3/AbstractQueuedSynchronizer.java:1752)
	at java.util.concurrent.LinkedBlockingQueue.take(java.base@25.0.3/LinkedBlockingQueue.java:435)
	at java.util.concurrent.ThreadPoolExecutor.getTask(java.base@25.0.3/ThreadPoolExecutor.java:1016)
	at java.util.concurrent.ThreadPoolExecutor.runWorker(java.base@25.0.3/ThreadPoolExecutor.java:1076)
	at java.util.concurrent.ThreadPoolExecutor$Worker.run(java.base@25.0.3/ThreadPoolExecutor.java:614)
	at java.lang.Thread.runWith(java.base@25.0.3/Thread.java:1487)
	at java.lang.Thread.run(java.base@25.0.3/Thread.java:1474)

"Unconstrained build operations Thread 58" #272 [20332] prio=5 os_prio=0 cpu=0.00ms elapsed=504.56s tid=0x0000022bed31cf50 nid=20332 waiting on condition  [0x000000a9603ff000]
   java.lang.Thread.State: WAITING (parking)
	at jdk.internal.misc.Unsafe.park(java.base@25.0.3/Native Method)
	- parking to wait for  <0x0000000081932218> (a java.util.concurrent.locks.AbstractQueuedSynchronizer$ConditionObject)
	at java.util.concurrent.locks.LockSupport.park(java.base@25.0.3/LockSupport.java:369)
	at java.util.concurrent.locks.AbstractQueuedSynchronizer$ConditionNode.block(java.base@25.0.3/AbstractQueuedSynchronizer.java:520)
	at java.util.concurrent.ForkJoinPool.unmanagedBlock(java.base@25.0.3/ForkJoinPool.java:4364)
	at java.util.concurrent.ForkJoinPool.managedBlock(java.base@25.0.3/ForkJoinPool.java:4310)
	at java.util.concurrent.locks.AbstractQueuedSynchronizer$ConditionObject.await(java.base@25.0.3/AbstractQueuedSynchronizer.java:1752)
	at java.util.concurrent.LinkedBlockingQueue.take(java.base@25.0.3/LinkedBlockingQueue.java:435)
	at java.util.concurrent.ThreadPoolExecutor.getTask(java.base@25.0.3/ThreadPoolExecutor.java:1016)
	at java.util.concurrent.ThreadPoolExecutor.runWorker(java.base@25.0.3/ThreadPoolExecutor.java:1076)
	at java.util.concurrent.ThreadPoolExecutor$Worker.run(java.base@25.0.3/ThreadPoolExecutor.java:614)
	at java.lang.Thread.runWith(java.base@25.0.3/Thread.java:1487)
	at java.lang.Thread.run(java.base@25.0.3/Thread.java:1474)

"Unconstrained build operations Thread 59" #273 [15516] prio=5 os_prio=0 cpu=15.62ms elapsed=504.56s tid=0x0000022bed321d70 nid=15516 waiting on condition  [0x000000a9604fe000]
   java.lang.Thread.State: WAITING (parking)
	at jdk.internal.misc.Unsafe.park(java.base@25.0.3/Native Method)
	- parking to wait for  <0x0000000081932218> (a java.util.concurrent.locks.AbstractQueuedSynchronizer$ConditionObject)
	at java.util.concurrent.locks.LockSupport.park(java.base@25.0.3/LockSupport.java:369)
	at java.util.concurrent.locks.AbstractQueuedSynchronizer$ConditionNode.block(java.base@25.0.3/AbstractQueuedSynchronizer.java:520)
	at java.util.concurrent.ForkJoinPool.unmanagedBlock(java.base@25.0.3/ForkJoinPool.java:4364)
	at java.util.concurrent.ForkJoinPool.managedBlock(java.base@25.0.3/ForkJoinPool.java:4310)
	at java.util.concurrent.locks.AbstractQueuedSynchronizer$ConditionObject.await(java.base@25.0.3/AbstractQueuedSynchronizer.java:1752)
	at java.util.concurrent.LinkedBlockingQueue.take(java.base@25.0.3/LinkedBlockingQueue.java:435)
	at java.util.concurrent.ThreadPoolExecutor.getTask(java.base@25.0.3/ThreadPoolExecutor.java:1016)
	at java.util.concurrent.ThreadPoolExecutor.runWorker(java.base@25.0.3/ThreadPoolExecutor.java:1076)
	at java.util.concurrent.ThreadPoolExecutor$Worker.run(java.base@25.0.3/ThreadPoolExecutor.java:614)
	at java.lang.Thread.runWith(java.base@25.0.3/Thread.java:1487)
	at java.lang.Thread.run(java.base@25.0.3/Thread.java:1474)

"Unconstrained build operations Thread 60" #274 [29208] prio=5 os_prio=0 cpu=0.00ms elapsed=504.56s tid=0x0000022bed3215a0 nid=29208 waiting on condition  [0x000000a9605fe000]
   java.lang.Thread.State: WAITING (parking)
	at jdk.internal.misc.Unsafe.park(java.base@25.0.3/Native Method)
	- parking to wait for  <0x0000000081932218> (a java.util.concurrent.locks.AbstractQueuedSynchronizer$ConditionObject)
	at java.util.concurrent.locks.LockSupport.park(java.base@25.0.3/LockSupport.java:369)
	at java.util.concurrent.locks.AbstractQueuedSynchronizer$ConditionNode.block(java.base@25.0.3/AbstractQueuedSynchronizer.java:520)
	at java.util.concurrent.ForkJoinPool.unmanagedBlock(java.base@25.0.3/ForkJoinPool.java:4364)
	at java.util.concurrent.ForkJoinPool.managedBlock(java.base@25.0.3/ForkJoinPool.java:4310)
	at java.util.concurrent.locks.AbstractQueuedSynchronizer$ConditionObject.await(java.base@25.0.3/AbstractQueuedSynchronizer.java:1752)
	at java.util.concurrent.LinkedBlockingQueue.take(java.base@25.0.3/LinkedBlockingQueue.java:435)
	at java.util.concurrent.ThreadPoolExecutor.getTask(java.base@25.0.3/ThreadPoolExecutor.java:1016)
	at java.util.concurrent.ThreadPoolExecutor.runWorker(java.base@25.0.3/ThreadPoolExecutor.java:1076)
	at java.util.concurrent.ThreadPoolExecutor$Worker.run(java.base@25.0.3/ThreadPoolExecutor.java:614)
	at java.lang.Thread.runWith(java.base@25.0.3/Thread.java:1487)
	at java.lang.Thread.run(java.base@25.0.3/Thread.java:1474)

"Unconstrained build operations Thread 61" #275 [22100] prio=5 os_prio=0 cpu=15.62ms elapsed=504.56s tid=0x0000022bed31fe30 nid=22100 waiting on condition  [0x000000a9606ff000]
   java.lang.Thread.State: WAITING (parking)
	at jdk.internal.misc.Unsafe.park(java.base@25.0.3/Native Method)
	- parking to wait for  <0x0000000081932218> (a java.util.concurrent.locks.AbstractQueuedSynchronizer$ConditionObject)
	at java.util.concurrent.locks.LockSupport.park(java.base@25.0.3/LockSupport.java:369)
	at java.util.concurrent.locks.AbstractQueuedSynchronizer$ConditionNode.block(java.base@25.0.3/AbstractQueuedSynchronizer.java:520)
	at java.util.concurrent.ForkJoinPool.unmanagedBlock(java.base@25.0.3/ForkJoinPool.java:4364)
	at java.util.concurrent.ForkJoinPool.managedBlock(java.base@25.0.3/ForkJoinPool.java:4310)
	at java.util.concurrent.locks.AbstractQueuedSynchronizer$ConditionObject.await(java.base@25.0.3/AbstractQueuedSynchronizer.java:1752)
	at java.util.concurrent.LinkedBlockingQueue.take(java.base@25.0.3/LinkedBlockingQueue.java:435)
	at java.util.concurrent.ThreadPoolExecutor.getTask(java.base@25.0.3/ThreadPoolExecutor.java:1016)
	at java.util.concurrent.ThreadPoolExecutor.runWorker(java.base@25.0.3/ThreadPoolExecutor.java:1076)
	at java.util.concurrent.ThreadPoolExecutor$Worker.run(java.base@25.0.3/ThreadPoolExecutor.java:614)
	at java.lang.Thread.runWith(java.base@25.0.3/Thread.java:1487)
	at java.lang.Thread.run(java.base@25.0.3/Thread.java:1474)

"Unconstrained build operations Thread 62" #276 [35036] prio=5 os_prio=0 cpu=0.00ms elapsed=504.56s tid=0x0000022bed31e6c0 nid=35036 waiting on condition  [0x000000a9607ff000]
   java.lang.Thread.State: WAITING (parking)
	at jdk.internal.misc.Unsafe.park(java.base@25.0.3/Native Method)
	- parking to wait for  <0x0000000081932218> (a java.util.concurrent.locks.AbstractQueuedSynchronizer$ConditionObject)
	at java.util.concurrent.locks.LockSupport.park(java.base@25.0.3/LockSupport.java:369)
	at java.util.concurrent.locks.AbstractQueuedSynchronizer$ConditionNode.block(java.base@25.0.3/AbstractQueuedSynchronizer.java:520)
	at java.util.concurrent.ForkJoinPool.unmanagedBlock(java.base@25.0.3/ForkJoinPool.java:4364)
	at java.util.concurrent.ForkJoinPool.managedBlock(java.base@25.0.3/ForkJoinPool.java:4310)
	at java.util.concurrent.locks.AbstractQueuedSynchronizer$ConditionObject.await(java.base@25.0.3/AbstractQueuedSynchronizer.java:1752)
	at java.util.concurrent.LinkedBlockingQueue.take(java.base@25.0.3/LinkedBlockingQueue.java:435)
	at java.util.concurrent.ThreadPoolExecutor.getTask(java.base@25.0.3/ThreadPoolExecutor.java:1016)
	at java.util.concurrent.ThreadPoolExecutor.runWorker(java.base@25.0.3/ThreadPoolExecutor.java:1076)
	at java.util.concurrent.ThreadPoolExecutor$Worker.run(java.base@25.0.3/ThreadPoolExecutor.java:614)
	at java.lang.Thread.runWith(java.base@25.0.3/Thread.java:1487)
	at java.lang.Thread.run(java.base@25.0.3/Thread.java:1474)

"Unconstrained build operations Thread 63" #277 [39760] prio=5 os_prio=0 cpu=0.00ms elapsed=504.56s tid=0x0000022bed31ee90 nid=39760 waiting on condition  [0x000000a9608ff000]
   java.lang.Thread.State: WAITING (parking)
	at jdk.internal.misc.Unsafe.park(java.base@25.0.3/Native Method)
	- parking to wait for  <0x0000000081932218> (a java.util.concurrent.locks.AbstractQueuedSynchronizer$ConditionObject)
	at java.util.concurrent.locks.LockSupport.park(java.base@25.0.3/LockSupport.java:369)
	at java.util.concurrent.locks.AbstractQueuedSynchronizer$ConditionNode.block(java.base@25.0.3/AbstractQueuedSynchronizer.java:520)
	at java.util.concurrent.ForkJoinPool.unmanagedBlock(java.base@25.0.3/ForkJoinPool.java:4364)
	at java.util.concurrent.ForkJoinPool.managedBlock(java.base@25.0.3/ForkJoinPool.java:4310)
	at java.util.concurrent.locks.AbstractQueuedSynchronizer$ConditionObject.await(java.base@25.0.3/AbstractQueuedSynchronizer.java:1752)
	at java.util.concurrent.LinkedBlockingQueue.take(java.base@25.0.3/LinkedBlockingQueue.java:435)
	at java.util.concurrent.ThreadPoolExecutor.getTask(java.base@25.0.3/ThreadPoolExecutor.java:1016)
	at java.util.concurrent.ThreadPoolExecutor.runWorker(java.base@25.0.3/ThreadPoolExecutor.java:1076)
	at java.util.concurrent.ThreadPoolExecutor$Worker.run(java.base@25.0.3/ThreadPoolExecutor.java:614)
	at java.lang.Thread.runWith(java.base@25.0.3/Thread.java:1487)
	at java.lang.Thread.run(java.base@25.0.3/Thread.java:1474)

"Unconstrained build operations Thread 64" #278 [704] prio=5 os_prio=0 cpu=0.00ms elapsed=504.56s tid=0x0000022bed31f660 nid=704 waiting on condition  [0x000000a9609fe000]
   java.lang.Thread.State: WAITING (parking)
	at jdk.internal.misc.Unsafe.park(java.base@25.0.3/Native Method)
	- parking to wait for  <0x0000000081932218> (a java.util.concurrent.locks.AbstractQueuedSynchronizer$ConditionObject)
	at java.util.concurrent.locks.LockSupport.park(java.base@25.0.3/LockSupport.java:369)
	at java.util.concurrent.locks.AbstractQueuedSynchronizer$ConditionNode.block(java.base@25.0.3/AbstractQueuedSynchronizer.java:520)
	at java.util.concurrent.ForkJoinPool.unmanagedBlock(java.base@25.0.3/ForkJoinPool.java:4364)
	at java.util.concurrent.ForkJoinPool.managedBlock(java.base@25.0.3/ForkJoinPool.java:4310)
	at java.util.concurrent.locks.AbstractQueuedSynchronizer$ConditionObject.await(java.base@25.0.3/AbstractQueuedSynchronizer.java:1752)
	at java.util.concurrent.LinkedBlockingQueue.take(java.base@25.0.3/LinkedBlockingQueue.java:435)
	at java.util.concurrent.ThreadPoolExecutor.getTask(java.base@25.0.3/ThreadPoolExecutor.java:1016)
	at java.util.concurrent.ThreadPoolExecutor.runWorker(java.base@25.0.3/ThreadPoolExecutor.java:1076)
	at java.util.concurrent.ThreadPoolExecutor$Worker.run(java.base@25.0.3/ThreadPoolExecutor.java:614)
	at java.lang.Thread.runWith(java.base@25.0.3/Thread.java:1487)
	at java.lang.Thread.run(java.base@25.0.3/Thread.java:1474)

"DefaultDispatcher-worker-1" #279 [25984] daemon prio=5 os_prio=0 cpu=0.00ms elapsed=498.54s tid=0x0000022bed32f060 nid=25984 waiting on condition  [0x000000a958dff000]
   java.lang.Thread.State: TIMED_WAITING (parking)
	at jdk.internal.misc.Unsafe.park(java.base@25.0.3/Native Method)
	at java.util.concurrent.locks.LockSupport.parkNanos(java.base@25.0.3/LockSupport.java:408)
	at kotlinx.coroutines.scheduling.CoroutineScheduler$Worker.park(CoroutineScheduler.kt:943)
	at kotlinx.coroutines.scheduling.CoroutineScheduler$Worker.tryPark(CoroutineScheduler.kt:872)
	at kotlinx.coroutines.scheduling.CoroutineScheduler$Worker.runWorker(CoroutineScheduler.kt:807)
	at kotlinx.coroutines.scheduling.CoroutineScheduler$Worker.run(CoroutineScheduler.kt:762)

"DefaultDispatcher-worker-4" #282 [21144] daemon prio=5 os_prio=0 cpu=0.00ms elapsed=498.54s tid=0x0000022bed32f830 nid=21144 waiting on condition  [0x000000a960aff000]
   java.lang.Thread.State: TIMED_WAITING (parking)
	at jdk.internal.misc.Unsafe.park(java.base@25.0.3/Native Method)
	at java.util.concurrent.locks.LockSupport.parkNanos(java.base@25.0.3/LockSupport.java:408)
	at kotlinx.coroutines.scheduling.CoroutineScheduler$Worker.park(CoroutineScheduler.kt:943)
	at kotlinx.coroutines.scheduling.CoroutineScheduler$Worker.tryPark(CoroutineScheduler.kt:872)
	at kotlinx.coroutines.scheduling.CoroutineScheduler$Worker.runWorker(CoroutineScheduler.kt:807)
	at kotlinx.coroutines.scheduling.CoroutineScheduler$Worker.run(CoroutineScheduler.kt:762)

"DefaultDispatcher-worker-2" #280 [30212] daemon prio=5 os_prio=0 cpu=15.62ms elapsed=498.54s tid=0x0000022bed332710 nid=30212 waiting on condition  [0x000000a960bff000]
   java.lang.Thread.State: TIMED_WAITING (parking)
	at jdk.internal.misc.Unsafe.park(java.base@25.0.3/Native Method)
	at java.util.concurrent.locks.LockSupport.parkNanos(java.base@25.0.3/LockSupport.java:408)
	at kotlinx.coroutines.scheduling.CoroutineScheduler$Worker.park(CoroutineScheduler.kt:943)
	at kotlinx.coroutines.scheduling.CoroutineScheduler$Worker.tryPark(CoroutineScheduler.kt:872)
	at kotlinx.coroutines.scheduling.CoroutineScheduler$Worker.runWorker(CoroutineScheduler.kt:807)
	at kotlinx.coroutines.scheduling.CoroutineScheduler$Worker.run(CoroutineScheduler.kt:762)

"DefaultDispatcher-worker-3" #281 [22316] daemon prio=5 os_prio=0 cpu=0.00ms elapsed=498.54s tid=0x0000022bed3336b0 nid=22316 waiting on condition  [0x000000a960cff000]
   java.lang.Thread.State: TIMED_WAITING (parking)
	at jdk.internal.misc.Unsafe.park(java.base@25.0.3/Native Method)
	at java.util.concurrent.locks.LockSupport.parkNanos(java.base@25.0.3/LockSupport.java:408)
	at kotlinx.coroutines.scheduling.CoroutineScheduler$Worker.park(CoroutineScheduler.kt:943)
	at kotlinx.coroutines.scheduling.CoroutineScheduler$Worker.tryPark(CoroutineScheduler.kt:872)
	at kotlinx.coroutines.scheduling.CoroutineScheduler$Worker.runWorker(CoroutineScheduler.kt:807)
	at kotlinx.coroutines.scheduling.CoroutineScheduler$Worker.run(CoroutineScheduler.kt:762)

"DefaultDispatcher-worker-5" #283 [30680] daemon prio=5 os_prio=0 cpu=0.00ms elapsed=498.52s tid=0x0000022bed3307d0 nid=30680 waiting on condition  [0x000000a960dfe000]
   java.lang.Thread.State: TIMED_WAITING (parking)
	at jdk.internal.misc.Unsafe.park(java.base@25.0.3/Native Method)
	at java.util.concurrent.locks.LockSupport.parkNanos(java.base@25.0.3/LockSupport.java:408)
	at kotlinx.coroutines.scheduling.CoroutineScheduler$Worker.park(CoroutineScheduler.kt:943)
	at kotlinx.coroutines.scheduling.CoroutineScheduler$Worker.tryPark(CoroutineScheduler.kt:872)
	at kotlinx.coroutines.scheduling.CoroutineScheduler$Worker.runWorker(CoroutineScheduler.kt:807)
	at kotlinx.coroutines.scheduling.CoroutineScheduler$Worker.run(CoroutineScheduler.kt:762)

"DefaultDispatcher-worker-6" #284 [17332] daemon prio=5 os_prio=0 cpu=0.00ms elapsed=498.52s tid=0x0000022bed334e20 nid=17332 waiting on condition  [0x000000a960eff000]
   java.lang.Thread.State: TIMED_WAITING (parking)
	at jdk.internal.misc.Unsafe.park(java.base@25.0.3/Native Method)
	at java.util.concurrent.locks.LockSupport.parkNanos(java.base@25.0.3/LockSupport.java:408)
	at kotlinx.coroutines.scheduling.CoroutineScheduler$Worker.park(CoroutineScheduler.kt:943)
	at kotlinx.coroutines.scheduling.CoroutineScheduler$Worker.tryPark(CoroutineScheduler.kt:872)
	at kotlinx.coroutines.scheduling.CoroutineScheduler$Worker.runWorker(CoroutineScheduler.kt:807)
	at kotlinx.coroutines.scheduling.CoroutineScheduler$Worker.run(CoroutineScheduler.kt:762)

"DefaultDispatcher-worker-7" #285 [21396] daemon prio=5 os_prio=0 cpu=0.00ms elapsed=498.52s tid=0x0000022bed334650 nid=21396 waiting on condition  [0x000000a960fff000]
   java.lang.Thread.State: TIMED_WAITING (parking)
	at jdk.internal.misc.Unsafe.park(java.base@25.0.3/Native Method)
	at java.util.concurrent.locks.LockSupport.parkNanos(java.base@25.0.3/LockSupport.java:408)
	at kotlinx.coroutines.scheduling.CoroutineScheduler$Worker.park(CoroutineScheduler.kt:943)
	at kotlinx.coroutines.scheduling.CoroutineScheduler$Worker.tryPark(CoroutineScheduler.kt:872)
	at kotlinx.coroutines.scheduling.CoroutineScheduler$Worker.runWorker(CoroutineScheduler.kt:807)
	at kotlinx.coroutines.scheduling.CoroutineScheduler$Worker.run(CoroutineScheduler.kt:762)

"DefaultDispatcher-worker-9" #287 [3280] daemon prio=5 os_prio=0 cpu=0.00ms elapsed=498.52s tid=0x0000022bed331f40 nid=3280 waiting on condition  [0x000000a9610ff000]
   java.lang.Thread.State: TIMED_WAITING (parking)
	at jdk.internal.misc.Unsafe.park(java.base@25.0.3/Native Method)
	at java.util.concurrent.locks.LockSupport.parkNanos(java.base@25.0.3/LockSupport.java:408)
	at kotlinx.coroutines.scheduling.CoroutineScheduler$Worker.park(CoroutineScheduler.kt:943)
	at kotlinx.coroutines.scheduling.CoroutineScheduler$Worker.tryPark(CoroutineScheduler.kt:872)
	at kotlinx.coroutines.scheduling.CoroutineScheduler$Worker.runWorker(CoroutineScheduler.kt:807)
	at kotlinx.coroutines.scheduling.CoroutineScheduler$Worker.run(CoroutineScheduler.kt:762)

"DefaultDispatcher-worker-8" #286 [13480] daemon prio=5 os_prio=0 cpu=0.00ms elapsed=498.52s tid=0x0000022bed335dc0 nid=13480 waiting on condition  [0x000000a9611ff000]
   java.lang.Thread.State: TIMED_WAITING (parking)
	at jdk.internal.misc.Unsafe.park(java.base@25.0.3/Native Method)
	at java.util.concurrent.locks.LockSupport.parkNanos(java.base@25.0.3/LockSupport.java:408)
	at kotlinx.coroutines.scheduling.CoroutineScheduler$Worker.park(CoroutineScheduler.kt:943)
	at kotlinx.coroutines.scheduling.CoroutineScheduler$Worker.tryPark(CoroutineScheduler.kt:872)
	at kotlinx.coroutines.scheduling.CoroutineScheduler$Worker.runWorker(CoroutineScheduler.kt:807)
	at kotlinx.coroutines.scheduling.CoroutineScheduler$Worker.run(CoroutineScheduler.kt:762)

"Periodic tasks thread" #288 [24468] daemon prio=5 os_prio=0 cpu=0.00ms elapsed=492.83s tid=0x0000022befd2bc40 nid=24468 waiting on condition  [0x000000a9613ff000]
   java.lang.Thread.State: TIMED_WAITING (parking)
	at jdk.internal.misc.Unsafe.park(java.base@25.0.3/Native Method)
	- parking to wait for  <0x000000008e297f00> (a java.util.concurrent.locks.AbstractQueuedSynchronizer$ConditionObject)
	at java.util.concurrent.locks.LockSupport.parkNanos(java.base@25.0.3/LockSupport.java:271)
	at java.util.concurrent.locks.AbstractQueuedSynchronizer$ConditionObject.awaitNanos(java.base@25.0.3/AbstractQueuedSynchronizer.java:1803)
	at java.util.concurrent.DelayQueue.take(java.base@25.0.3/DelayQueue.java:255)
	at com.intellij.util.concurrency.AppDelayQueue$TransferThread.run(AppDelayQueue.java:107)

"ApplicationImpl pooled thread 1" #289 [21092] prio=4 os_prio=-1 cpu=15.62ms elapsed=492.82s tid=0x0000022befd2f2f0 nid=21092 waiting on condition  [0x000000a9614fe000]
   java.lang.Thread.State: TIMED_WAITING (parking)
	at jdk.internal.misc.Unsafe.park(java.base@25.0.3/Native Method)
	- parking to wait for  <0x000000008fde63d8> (a java.util.concurrent.SynchronousQueue$Transferer)
	at java.util.concurrent.locks.LockSupport.parkNanos(java.base@25.0.3/LockSupport.java:408)
	at java.util.concurrent.LinkedTransferQueue$DualNode.await(java.base@25.0.3/LinkedTransferQueue.java:452)
	at java.util.concurrent.SynchronousQueue$Transferer.xferLifo(java.base@25.0.3/SynchronousQueue.java:194)
	at java.util.concurrent.SynchronousQueue.xfer(java.base@25.0.3/SynchronousQueue.java:235)
	at java.util.concurrent.SynchronousQueue.poll(java.base@25.0.3/SynchronousQueue.java:338)
	at java.util.concurrent.ThreadPoolExecutor.getTask(java.base@25.0.3/ThreadPoolExecutor.java:1015)
	at java.util.concurrent.ThreadPoolExecutor.runWorker(java.base@25.0.3/ThreadPoolExecutor.java:1076)
	at java.util.concurrent.ThreadPoolExecutor$Worker.run(java.base@25.0.3/ThreadPoolExecutor.java:614)
	at java.util.concurrent.Executors$PrivilegedThreadFactory$1.run(java.base@25.0.3/Executors.java:649)
	at java.lang.Thread.runWith(java.base@25.0.3/Thread.java:1487)
	at java.lang.Thread.run(java.base@25.0.3/Thread.java:1474)

"ApplicationImpl pooled thread 2" #290 [30544] prio=4 os_prio=-1 cpu=0.00ms elapsed=477.81s tid=0x0000022bea6600c0 nid=30544 waiting on condition  [0x000000a95abfe000]
   java.lang.Thread.State: TIMED_WAITING (parking)
	at jdk.internal.misc.Unsafe.park(java.base@25.0.3/Native Method)
	- parking to wait for  <0x000000008fde63d8> (a java.util.concurrent.SynchronousQueue$Transferer)
	at java.util.concurrent.locks.LockSupport.parkNanos(java.base@25.0.3/LockSupport.java:408)
	at java.util.concurrent.LinkedTransferQueue$DualNode.await(java.base@25.0.3/LinkedTransferQueue.java:452)
	at java.util.concurrent.SynchronousQueue$Transferer.xferLifo(java.base@25.0.3/SynchronousQueue.java:194)
	at java.util.concurrent.SynchronousQueue.xfer(java.base@25.0.3/SynchronousQueue.java:235)
	at java.util.concurrent.SynchronousQueue.poll(java.base@25.0.3/SynchronousQueue.java:338)
	at java.util.concurrent.ThreadPoolExecutor.getTask(java.base@25.0.3/ThreadPoolExecutor.java:1015)
	at java.util.concurrent.ThreadPoolExecutor.runWorker(java.base@25.0.3/ThreadPoolExecutor.java:1076)
	at java.util.concurrent.ThreadPoolExecutor$Worker.run(java.base@25.0.3/ThreadPoolExecutor.java:614)
	at java.util.concurrent.Executors$PrivilegedThreadFactory$1.run(java.base@25.0.3/Executors.java:649)
	at java.lang.Thread.runWith(java.base@25.0.3/Thread.java:1487)
	at java.lang.Thread.run(java.base@25.0.3/Thread.java:1474)

"RMI TCP Connection(idle)" #293 [40428] daemon prio=5 os_prio=0 cpu=0.00ms elapsed=20.44s tid=0x0000022bea652600 nid=40428 waiting on condition  [0x000000a9597ff000]
   java.lang.Thread.State: TIMED_WAITING (parking)
	at jdk.internal.misc.Unsafe.park(java.base@25.0.3/Native Method)
	- parking to wait for  <0x000000008ae07908> (a java.util.concurrent.SynchronousQueue$Transferer)
	at java.util.concurrent.locks.LockSupport.parkNanos(java.base@25.0.3/LockSupport.java:408)
	at java.util.concurrent.LinkedTransferQueue$DualNode.await(java.base@25.0.3/LinkedTransferQueue.java:452)
	at java.util.concurrent.SynchronousQueue$Transferer.xferLifo(java.base@25.0.3/SynchronousQueue.java:194)
	at java.util.concurrent.SynchronousQueue.xfer(java.base@25.0.3/SynchronousQueue.java:235)
	at java.util.concurrent.SynchronousQueue.poll(java.base@25.0.3/SynchronousQueue.java:338)
	at java.util.concurrent.ThreadPoolExecutor.getTask(java.base@25.0.3/ThreadPoolExecutor.java:1015)
	at java.util.concurrent.ThreadPoolExecutor.runWorker(java.base@25.0.3/ThreadPoolExecutor.java:1076)
	at java.util.concurrent.ThreadPoolExecutor$Worker.run(java.base@25.0.3/ThreadPoolExecutor.java:614)
	at java.lang.Thread.runWith(java.base@25.0.3/Thread.java:1487)
	at java.lang.Thread.run(java.base@25.0.3/Thread.java:1474)

"RMI TCP Connection(idle)" #294 [38980] daemon prio=5 os_prio=0 cpu=0.00ms elapsed=19.37s tid=0x0000022bea656480 nid=38980 waiting on condition  [0x000000a9598ff000]
   java.lang.Thread.State: TIMED_WAITING (parking)
	at jdk.internal.misc.Unsafe.park(java.base@25.0.3/Native Method)
	- parking to wait for  <0x000000008ae07908> (a java.util.concurrent.SynchronousQueue$Transferer)
	at java.util.concurrent.locks.LockSupport.parkNanos(java.base@25.0.3/LockSupport.java:408)
	at java.util.concurrent.LinkedTransferQueue$DualNode.await(java.base@25.0.3/LinkedTransferQueue.java:452)
	at java.util.concurrent.SynchronousQueue$Transferer.xferLifo(java.base@25.0.3/SynchronousQueue.java:194)
	at java.util.concurrent.SynchronousQueue.xfer(java.base@25.0.3/SynchronousQueue.java:235)
	at java.util.concurrent.SynchronousQueue.poll(java.base@25.0.3/SynchronousQueue.java:338)
	at java.util.concurrent.ThreadPoolExecutor.getTask(java.base@25.0.3/ThreadPoolExecutor.java:1015)
	at java.util.concurrent.ThreadPoolExecutor.runWorker(java.base@25.0.3/ThreadPoolExecutor.java:1076)
	at java.util.concurrent.ThreadPoolExecutor$Worker.run(java.base@25.0.3/ThreadPoolExecutor.java:614)
	at java.lang.Thread.runWith(java.base@25.0.3/Thread.java:1487)
	at java.lang.Thread.run(java.base@25.0.3/Thread.java:1474)

"G1 Refine#7" os_prio=2 cpu=46.88ms elapsed=529.78s tid=0x0000022be3bc1d60 nid=7916 runnable  

"G1 Refine#8" os_prio=2 cpu=46.88ms elapsed=529.78s tid=0x0000022be3bc0080 nid=32424 runnable  

"G1 Refine#4" os_prio=2 cpu=46.88ms elapsed=529.78s tid=0x0000022be3bbe870 nid=19724 runnable  

"G1 Refine#5" os_prio=2 cpu=46.88ms elapsed=529.78s tid=0x0000022be3bc0550 nid=20168 runnable  

"G1 Refine#6" os_prio=2 cpu=46.88ms elapsed=529.78s tid=0x0000022be3bc1890 nid=24868 runnable  

"G1 Refine#3" os_prio=2 cpu=46.88ms elapsed=529.78s tid=0x0000022be3bc0ef0 nid=14584 runnable  

"G1 Refine#2" os_prio=2 cpu=46.88ms elapsed=529.78s tid=0x0000022bed6d69d0 nid=29916 runnable  

"G1 Refine#1" os_prio=2 cpu=46.88ms elapsed=529.78s tid=0x0000022bed6d6500 nid=784 runnable  

"G1 Conc#2" os_prio=2 cpu=16640.62ms elapsed=647.52s tid=0x0000022bd06e9850 nid=26524 runnable  

"G1 Conc#1" os_prio=2 cpu=16515.62ms elapsed=647.52s tid=0x0000022bce4e8a70 nid=16292 runnable  

"GC Thread#8" os_prio=2 cpu=3390.62ms elapsed=647.72s tid=0x0000022bce4e8ec0 nid=16380 runnable  

"GC Thread#9" os_prio=2 cpu=3281.25ms elapsed=647.72s tid=0x0000022bce4e7d80 nid=36164 runnable  

"GC Thread#7" os_prio=2 cpu=3453.12ms elapsed=647.72s tid=0x0000022bce4e7930 nid=20004 runnable  

"GC Thread#6" os_prio=2 cpu=3718.75ms elapsed=647.72s tid=0x0000022bce4ea000 nid=39496 runnable  

"GC Thread#5" os_prio=2 cpu=3859.38ms elapsed=647.72s tid=0x0000022bce4e9310 nid=31452 runnable  

"GC Thread#4" os_prio=2 cpu=3484.38ms elapsed=649.01s tid=0x0000022bcd766b70 nid=20560 runnable  

"GC Thread#3" os_prio=2 cpu=3515.62ms elapsed=649.01s tid=0x0000022bcd84c940 nid=39196 runnable  

"GC Thread#2" os_prio=2 cpu=3484.38ms elapsed=649.01s tid=0x0000022bcd84c510 nid=40836 runnable  

"GC Thread#1" os_prio=2 cpu=3484.38ms elapsed=649.01s tid=0x0000022bcd84b8d0 nid=38816 runnable  

"VM Thread" os_prio=2 cpu=531.25ms elapsed=649.68s tid=0x0000022bc7e4d060 nid=28052 runnable  

"VM Periodic Task Thread" os_prio=2 cpu=265.62ms elapsed=649.68s tid=0x0000022bc7e372c0 nid=25052 waiting on condition  

"G1 Service" os_prio=2 cpu=93.75ms elapsed=649.69s tid=0x0000022bc7cfdfb0 nid=26724 runnable  

"G1 Refine#0" os_prio=2 cpu=968.75ms elapsed=649.69s tid=0x0000022bc7cfb9e0 nid=31440 runnable  

"G1 Conc#0" os_prio=2 cpu=16828.12ms elapsed=649.69s tid=0x0000022baad6e6a0 nid=13880 runnable  

"G1 Main Marker" os_prio=2 cpu=78.12ms elapsed=649.69s tid=0x0000022baad6d360 nid=37788 runnable  

"GC Thread#0" os_prio=2 cpu=3406.25ms elapsed=649.69s tid=0x0000022baad533a0 nid=25780 runnable  

JNI global refs: 52, weak refs: 45

